-- MySQL dump 10.13  Distrib 8.4.7, for Win64 (x86_64)
--
-- Host: localhost    Database: delivery_system_v2026
-- ------------------------------------------------------
-- Server version	8.4.7

/*!40101 SET @OLD_CHARACTER_SET_CLIENT=@@CHARACTER_SET_CLIENT */;
/*!40101 SET @OLD_CHARACTER_SET_RESULTS=@@CHARACTER_SET_RESULTS */;
/*!40101 SET @OLD_COLLATION_CONNECTION=@@COLLATION_CONNECTION */;
/*!50503 SET NAMES utf8mb4 */;
/*!40103 SET @OLD_TIME_ZONE=@@TIME_ZONE */;
/*!40103 SET TIME_ZONE='+00:00' */;
/*!40014 SET @OLD_UNIQUE_CHECKS=@@UNIQUE_CHECKS, UNIQUE_CHECKS=0 */;
/*!40014 SET @OLD_FOREIGN_KEY_CHECKS=@@FOREIGN_KEY_CHECKS, FOREIGN_KEY_CHECKS=0 */;
/*!40101 SET @OLD_SQL_MODE=@@SQL_MODE, SQL_MODE='NO_AUTO_VALUE_ON_ZERO' */;
/*!40111 SET @OLD_SQL_NOTES=@@SQL_NOTES, SQL_NOTES=0 */;

--
-- Table structure for table `customers`
--

DROP TABLE IF EXISTS `customers`;
/*!40101 SET @saved_cs_client     = @@character_set_client */;
/*!50503 SET character_set_client = utf8mb4 */;
CREATE TABLE `customers` (
  `Customer_ID` int NOT NULL AUTO_INCREMENT,
  `Full_Name` varchar(100) NOT NULL,
  `Phone` varchar(15) NOT NULL,
  `Address` text NOT NULL,
  `Created_At` timestamp NULL DEFAULT CURRENT_TIMESTAMP,
  PRIMARY KEY (`Customer_ID`),
  UNIQUE KEY `Phone` (`Phone`)
) ENGINE=InnoDB AUTO_INCREMENT=511 DEFAULT CHARSET=utf8mb4 COLLATE=utf8mb4_0900_ai_ci;
/*!40101 SET character_set_client = @saved_cs_client */;

--
-- Dumping data for table `customers`
--

LOCK TABLES `customers` WRITE;
/*!40000 ALTER TABLE `customers` DISABLE KEYS */;
INSERT INTO `customers` VALUES (1,'customer1','0468797936','Ho Chi Minh City, District 7','2026-04-05 04:26:03'),(2,'customer2','0967446921','Can Tho, District 3','2026-04-05 04:26:03'),(3,'customer3','0718815192','Hanoi, District 9','2026-04-05 04:26:03'),(4,'customer4','0656369015','Ho Chi Minh City, District 6','2026-04-05 04:26:03'),(5,'customer5','0639970683','Hanoi, District 2','2026-04-05 04:26:03'),(6,'customer6','0436611547','Hanoi, District 3','2026-04-05 04:26:03'),(7,'customer7','0793650898','Hanoi, District 2','2026-04-05 04:26:03'),(8,'customer8','0972336129','Ho Chi Minh City, District 7','2026-04-05 04:26:03'),(9,'customer9','0483412821','Can Tho, District 5','2026-04-05 04:26:03'),(10,'customer10','0812419312','Hai Phong, District 4','2026-04-05 04:26:03'),(11,'customer11','0495639828','Hanoi, District 2','2026-04-05 04:26:03'),(12,'customer12','0851707268','Hai Phong, District 11','2026-04-05 04:26:03'),(13,'customer13','0816998330','Hai Phong, District 4','2026-04-05 04:26:03'),(14,'customer14','0958450058','Da Nang, District 12','2026-04-05 04:26:03'),(15,'customer15','0769401342','Da Nang, District 11','2026-04-05 04:26:03'),(16,'customer16','0959881950','Hanoi, District 3','2026-04-05 04:26:03'),(17,'customer17','0875244776','Ho Chi Minh City, District 8','2026-04-05 04:26:03'),(18,'customer18','0879676957','Da Nang, District 12','2026-04-05 04:26:03'),(19,'customer19','0351398054','Hanoi, District 10','2026-04-05 04:26:03'),(20,'customer20','0348927679','Hanoi, District 9','2026-04-05 04:26:03'),(21,'customer21','0332802692','Hanoi, District 11','2026-04-05 04:26:03'),(22,'customer22','0807370763','Can Tho, District 8','2026-04-05 04:26:03'),(23,'customer23','0333560870','Ho Chi Minh City, District 9','2026-04-05 04:26:03'),(24,'customer24','0418813705','Ho Chi Minh City, District 8','2026-04-05 04:26:03'),(25,'customer25','0902080523','Can Tho, District 7','2026-04-05 04:26:03'),(26,'customer26','0442105450','Hai Phong, District 3','2026-04-05 04:26:03'),(27,'customer27','0902184347','Ho Chi Minh City, District 4','2026-04-05 04:26:03'),(28,'customer28','0351537164','Can Tho, District 6','2026-04-05 04:26:03'),(29,'customer29','0391087161','Ho Chi Minh City, District 4','2026-04-05 04:26:03'),(30,'customer30','0339259754','Hanoi, District 2','2026-04-05 04:26:03'),(31,'customer31','0647799404','Ho Chi Minh City, District 1','2026-04-05 04:26:03'),(32,'customer32','0868161164','Can Tho, District 8','2026-04-05 04:26:03'),(33,'customer33','0821824097','Hai Phong, District 3','2026-04-05 04:26:03'),(34,'customer34','0675659166','Da Nang, District 7','2026-04-05 04:26:03'),(35,'customer35','0377980435','Ho Chi Minh City, District 2','2026-04-05 04:26:03'),(36,'customer36','0706034310','Da Nang, District 10','2026-04-05 04:26:03'),(37,'customer37','0513809238','Da Nang, District 5','2026-04-05 04:26:03'),(38,'customer38','0425252888','Hanoi, District 10','2026-04-05 04:26:03'),(39,'customer39','0689293820','Hanoi, District 9','2026-04-05 04:26:03'),(40,'customer40','0512711228','Da Nang, District 10','2026-04-05 04:26:03'),(41,'customer41','0444564387','Ho Chi Minh City, District 5','2026-04-05 04:26:03'),(42,'customer42','0404970302','Da Nang, District 11','2026-04-05 04:26:03'),(43,'customer43','0986844905','Hai Phong, District 1','2026-04-05 04:26:03'),(44,'customer44','0893343610','Hai Phong, District 1','2026-04-05 04:26:03'),(45,'customer45','0384148463','Ho Chi Minh City, District 10','2026-04-05 04:26:03'),(46,'customer46','0843151469','Ho Chi Minh City, District 6','2026-04-05 04:26:03'),(47,'customer47','0981130449','Ho Chi Minh City, District 1','2026-04-05 04:26:03'),(48,'customer48','0697561301','Da Nang, District 10','2026-04-05 04:26:03'),(49,'customer49','0614068448','Ho Chi Minh City, District 9','2026-04-05 04:26:03'),(50,'customer50','0777196196','Can Tho, District 9','2026-04-05 04:26:03'),(51,'customer51','0474153589','Hanoi, District 3','2026-04-05 04:26:03'),(52,'customer52','0973112980','Ho Chi Minh City, District 11','2026-04-05 04:26:03'),(53,'customer53','0712150122','Ho Chi Minh City, District 1','2026-04-05 04:26:03'),(54,'customer54','0823326207','Da Nang, District 3','2026-04-05 04:26:03'),(55,'customer55','0866008352','Ho Chi Minh City, District 1','2026-04-05 04:26:03'),(56,'customer56','0896785947','Da Nang, District 9','2026-04-05 04:26:03'),(57,'customer57','0525200605','Hai Phong, District 12','2026-04-05 04:26:03'),(58,'customer58','0897604931','Can Tho, District 10','2026-04-05 04:26:03'),(59,'customer59','0681390732','Da Nang, District 8','2026-04-05 04:26:03'),(60,'customer60','0567374556','Can Tho, District 4','2026-04-05 04:26:03'),(61,'customer61','0762544734','Hanoi, District 7','2026-04-05 04:26:03'),(62,'customer62','0924609464','Can Tho, District 7','2026-04-05 04:26:03'),(63,'customer63','0726743383','Hanoi, District 5','2026-04-05 04:26:03'),(64,'customer64','0909716829','Hanoi, District 1','2026-04-05 04:26:03'),(65,'customer65','0567767324','Ho Chi Minh City, District 3','2026-04-05 04:26:03'),(66,'customer66','0935399215','Hai Phong, District 4','2026-04-05 04:26:03'),(67,'customer67','0759990941','Da Nang, District 4','2026-04-05 04:26:03'),(68,'customer68','0443068771','Da Nang, District 1','2026-04-05 04:26:03'),(69,'customer69','0988243319','Can Tho, District 3','2026-04-05 04:26:03'),(70,'customer70','0438675776','Da Nang, District 7','2026-04-05 04:26:03'),(71,'customer71','0504073022','Da Nang, District 11','2026-04-05 04:26:03'),(72,'customer72','0853335929','Can Tho, District 3','2026-04-05 04:26:03'),(73,'customer73','0396287883','Hai Phong, District 1','2026-04-05 04:26:03'),(74,'customer74','0952278548','Can Tho, District 3','2026-04-05 04:26:03'),(75,'customer75','0535731914','Can Tho, District 12','2026-04-05 04:26:03'),(76,'customer76','0825931716','Can Tho, District 7','2026-04-05 04:26:03'),(77,'customer77','0885008454','Ho Chi Minh City, District 3','2026-04-05 04:26:03'),(78,'customer78','0719410655','Hai Phong, District 5','2026-04-05 04:26:03'),(79,'customer79','0568262004','Can Tho, District 1','2026-04-05 04:26:03'),(80,'customer80','0923282043','Hai Phong, District 2','2026-04-05 04:26:03'),(81,'customer81','0551190801','Da Nang, District 12','2026-04-05 04:26:03'),(82,'customer82','0446239668','Hanoi, District 1','2026-04-05 04:26:03'),(83,'customer83','0688177960','Ho Chi Minh City, District 12','2026-04-05 04:26:03'),(84,'customer84','0927245779','Ho Chi Minh City, District 6','2026-04-05 04:26:03'),(85,'customer85','0754801100','Can Tho, District 1','2026-04-05 04:26:03'),(86,'customer86','0727767682','Can Tho, District 6','2026-04-05 04:26:03'),(87,'customer87','0675008716','Hai Phong, District 4','2026-04-05 04:26:03'),(88,'customer88','0439970570','Hai Phong, District 4','2026-04-05 04:26:03'),(89,'customer89','0557936073','Can Tho, District 3','2026-04-05 04:26:03'),(90,'customer90','0369115274','Da Nang, District 1','2026-04-05 04:26:03'),(91,'customer91','0351674279','Hai Phong, District 11','2026-04-05 04:26:03'),(92,'customer92','0647953569','Hai Phong, District 10','2026-04-05 04:26:03'),(93,'customer93','0648303220','Hanoi, District 3','2026-04-05 04:26:03'),(94,'customer94','0542613867','Hai Phong, District 5','2026-04-05 04:26:03'),(95,'customer95','0808152385','Can Tho, District 8','2026-04-05 04:26:03'),(96,'customer96','0529326570','Ho Chi Minh City, District 12','2026-04-05 04:26:03'),(97,'customer97','0575563166','Hai Phong, District 3','2026-04-05 04:26:03'),(98,'customer98','0465351039','Hanoi, District 9','2026-04-05 04:26:03'),(99,'customer99','0818392050','Hai Phong, District 12','2026-04-05 04:26:03'),(100,'customer100','0709635119','Ho Chi Minh City, District 9','2026-04-05 04:26:03'),(101,'customer101','0468116170','Hai Phong, District 6','2026-04-05 04:26:03'),(102,'customer102','0367063303','Can Tho, District 5','2026-04-05 04:26:03'),(103,'customer103','0745681038','Can Tho, District 11','2026-04-05 04:26:03'),(104,'customer104','0884631106','Ho Chi Minh City, District 5','2026-04-05 04:26:03'),(105,'customer105','0969164807','Da Nang, District 7','2026-04-05 04:26:03'),(106,'customer106','0462520895','Can Tho, District 10','2026-04-05 04:26:03'),(107,'customer107','0712924276','Ho Chi Minh City, District 9','2026-04-05 04:26:03'),(108,'customer108','0972848372','Can Tho, District 5','2026-04-05 04:26:03'),(109,'customer109','0661134878','Hanoi, District 7','2026-04-05 04:26:03'),(110,'customer110','0854799093','Ho Chi Minh City, District 2','2026-04-05 04:26:03'),(111,'customer111','0711540253','Hai Phong, District 8','2026-04-05 04:26:03'),(112,'customer112','0752980876','Da Nang, District 11','2026-04-05 04:26:03'),(113,'customer113','0639786551','Hanoi, District 4','2026-04-05 04:26:03'),(114,'customer114','0541080607','Hai Phong, District 6','2026-04-05 04:26:03'),(115,'customer115','0635932429','Da Nang, District 10','2026-04-05 04:26:03'),(116,'customer116','0642332941','Da Nang, District 11','2026-04-05 04:26:03'),(117,'customer117','0765597799','Da Nang, District 11','2026-04-05 04:26:03'),(118,'customer118','0953883562','Ho Chi Minh City, District 12','2026-04-05 04:26:03'),(119,'customer119','0894742686','Da Nang, District 1','2026-04-05 04:26:03'),(120,'customer120','0655861113','Hai Phong, District 5','2026-04-05 04:26:03'),(121,'customer121','0702252127','Can Tho, District 4','2026-04-05 04:26:03'),(122,'customer122','0351859621','Can Tho, District 3','2026-04-05 04:26:03'),(123,'customer123','0561343862','Hanoi, District 2','2026-04-05 04:26:03'),(124,'customer124','0527577165','Hai Phong, District 1','2026-04-05 04:26:03'),(125,'customer125','0466312656','Ho Chi Minh City, District 8','2026-04-05 04:26:03'),(126,'customer126','0383556751','Da Nang, District 9','2026-04-05 04:26:03'),(127,'customer127','0686278378','Da Nang, District 5','2026-04-05 04:26:03'),(128,'customer128','0358331778','Da Nang, District 10','2026-04-05 04:26:03'),(129,'customer129','0916414567','Ho Chi Minh City, District 10','2026-04-05 04:26:03'),(130,'customer130','0659791201','Can Tho, District 4','2026-04-05 04:26:03'),(131,'customer131','0705600013','Da Nang, District 1','2026-04-05 04:26:03'),(132,'customer132','0491248430','Hai Phong, District 6','2026-04-05 04:26:03'),(133,'customer133','0503557957','Can Tho, District 6','2026-04-05 04:26:03'),(134,'customer134','0944523188','Hai Phong, District 10','2026-04-05 04:26:03'),(135,'customer135','0712325844','Can Tho, District 2','2026-04-05 04:26:03'),(136,'customer136','0902327023','Da Nang, District 8','2026-04-05 04:26:03'),(137,'customer137','0615333119','Da Nang, District 7','2026-04-05 04:26:03'),(138,'customer138','0732380842','Hanoi, District 12','2026-04-05 04:26:03'),(139,'customer139','0455455382','Ho Chi Minh City, District 8','2026-04-05 04:26:03'),(140,'customer140','0497986781','Hai Phong, District 2','2026-04-05 04:26:03'),(141,'customer141','0908160297','Can Tho, District 6','2026-04-05 04:26:03'),(142,'customer142','0454226943','Ho Chi Minh City, District 1','2026-04-05 04:26:03'),(143,'customer143','0665263948','Can Tho, District 7','2026-04-05 04:26:03'),(144,'customer144','0966567948','Da Nang, District 4','2026-04-05 04:26:03'),(145,'customer145','0692875934','Ho Chi Minh City, District 8','2026-04-05 04:26:03'),(146,'customer146','0642412964','Can Tho, District 9','2026-04-05 04:26:03'),(147,'customer147','0832827297','Ho Chi Minh City, District 9','2026-04-05 04:26:03'),(148,'customer148','0622061816','Hanoi, District 7','2026-04-05 04:26:03'),(149,'customer149','0875247443','Hai Phong, District 6','2026-04-05 04:26:03'),(150,'customer150','0978614969','Da Nang, District 8','2026-04-05 04:26:03'),(151,'customer151','0591984554','Hanoi, District 1','2026-04-05 04:26:03'),(152,'customer152','0451588626','Hai Phong, District 2','2026-04-05 04:26:03'),(153,'customer153','0577248545','Can Tho, District 11','2026-04-05 04:26:03'),(154,'customer154','0407395890','Hanoi, District 4','2026-04-05 04:26:03'),(155,'customer155','0419196454','Hanoi, District 2','2026-04-05 04:26:03'),(156,'customer156','0781392853','Da Nang, District 6','2026-04-05 04:26:03'),(157,'customer157','0788177193','Can Tho, District 6','2026-04-05 04:26:03'),(158,'customer158','0781888712','Hanoi, District 11','2026-04-05 04:26:03'),(159,'customer159','0608005958','Da Nang, District 1','2026-04-05 04:26:03'),(160,'customer160','0568375422','Ho Chi Minh City, District 11','2026-04-05 04:26:03'),(161,'customer161','0877948117','Ho Chi Minh City, District 6','2026-04-05 04:26:03'),(162,'customer162','0675245104','Hai Phong, District 12','2026-04-05 04:26:03'),(163,'customer163','0533058242','Hai Phong, District 3','2026-04-05 04:26:03'),(164,'customer164','0721432385','Can Tho, District 7','2026-04-05 04:26:03'),(165,'customer165','0479142023','Hai Phong, District 11','2026-04-05 04:26:03'),(166,'customer166','0814744017','Da Nang, District 11','2026-04-05 04:26:03'),(167,'customer167','0725887107','Ho Chi Minh City, District 2','2026-04-05 04:26:03'),(168,'customer168','0349119581','Hanoi, District 12','2026-04-05 04:26:03'),(169,'customer169','0454643481','Da Nang, District 8','2026-04-05 04:26:03'),(170,'customer170','0468704791','Da Nang, District 7','2026-04-05 04:26:03'),(171,'customer171','0857924849','Can Tho, District 7','2026-04-05 04:26:03'),(172,'customer172','0355412818','Da Nang, District 11','2026-04-05 04:26:03'),(173,'customer173','0941949515','Da Nang, District 4','2026-04-05 04:26:03'),(174,'customer174','0789599300','Ho Chi Minh City, District 7','2026-04-05 04:26:03'),(175,'customer175','0526442592','Hanoi, District 8','2026-04-05 04:26:03'),(176,'customer176','0382583108','Ho Chi Minh City, District 9','2026-04-05 04:26:03'),(177,'customer177','0532480955','Ho Chi Minh City, District 9','2026-04-05 04:26:03'),(178,'customer178','0985007657','Hanoi, District 4','2026-04-05 04:26:03'),(179,'customer179','0847378150','Da Nang, District 7','2026-04-05 04:26:03'),(180,'customer180','0482456483','Hanoi, District 1','2026-04-05 04:26:03'),(181,'customer181','0429478559','Da Nang, District 5','2026-04-05 04:26:03'),(182,'customer182','0394312019','Da Nang, District 12','2026-04-05 04:26:03'),(183,'customer183','0843258425','Can Tho, District 2','2026-04-05 04:26:03'),(184,'customer184','0429577922','Can Tho, District 4','2026-04-05 04:26:03'),(185,'customer185','0445315941','Hai Phong, District 5','2026-04-05 04:26:03'),(186,'customer186','0485273028','Hai Phong, District 4','2026-04-05 04:26:03'),(187,'customer187','0847673376','Hanoi, District 11','2026-04-05 04:26:03'),(188,'customer188','0426048933','Da Nang, District 5','2026-04-05 04:26:03'),(189,'customer189','0463311347','Ho Chi Minh City, District 5','2026-04-05 04:26:04'),(190,'customer190','0357883406','Can Tho, District 4','2026-04-05 04:26:04'),(191,'customer191','0675008602','Hanoi, District 4','2026-04-05 04:26:04'),(192,'customer192','0626058295','Da Nang, District 8','2026-04-05 04:26:04'),(193,'customer193','0452370299','Can Tho, District 5','2026-04-05 04:26:04'),(194,'customer194','0609143241','Can Tho, District 7','2026-04-05 04:26:04'),(195,'customer195','0469393558','Da Nang, District 5','2026-04-05 04:26:04'),(196,'customer196','0664375524','Hai Phong, District 2','2026-04-05 04:26:04'),(197,'customer197','0398041140','Can Tho, District 8','2026-04-05 04:26:04'),(198,'customer198','0345651499','Hanoi, District 3','2026-04-05 04:26:04'),(199,'customer199','0826072439','Ho Chi Minh City, District 6','2026-04-05 04:26:04'),(200,'customer200','0884326568','Da Nang, District 1','2026-04-05 04:26:04'),(201,'customer201','0976815516','Can Tho, District 6','2026-04-05 04:26:04'),(202,'customer202','0356158297','Da Nang, District 4','2026-04-05 04:26:04'),(203,'customer203','0599654764','Hanoi, District 9','2026-04-05 04:26:04'),(204,'customer204','0507021273','Da Nang, District 8','2026-04-05 04:26:04'),(205,'customer205','0477755821','Can Tho, District 9','2026-04-05 04:26:04'),(206,'customer206','0884472443','Da Nang, District 9','2026-04-05 04:26:04'),(207,'customer207','0617952695','Can Tho, District 10','2026-04-05 04:26:04'),(208,'customer208','0397852156','Da Nang, District 12','2026-04-05 04:26:04'),(209,'customer209','0716781640','Da Nang, District 2','2026-04-05 04:26:04'),(210,'customer210','0909368816','Hanoi, District 10','2026-04-05 04:26:04'),(211,'customer211','0633362109','Can Tho, District 10','2026-04-05 04:26:04'),(212,'customer212','0763534000','Ho Chi Minh City, District 9','2026-04-05 04:26:04'),(213,'customer213','0781197222','Hai Phong, District 4','2026-04-05 04:26:04'),(214,'customer214','0755390076','Hanoi, District 3','2026-04-05 04:26:04'),(215,'customer215','0825994475','Hanoi, District 1','2026-04-05 04:26:04'),(216,'customer216','0596203827','Can Tho, District 8','2026-04-05 04:26:04'),(217,'customer217','0704292007','Hai Phong, District 7','2026-04-05 04:26:04'),(218,'customer218','0798687261','Hanoi, District 10','2026-04-05 04:26:04'),(219,'customer219','0786016547','Hai Phong, District 8','2026-04-05 04:26:04'),(220,'customer220','0629350749','Ho Chi Minh City, District 4','2026-04-05 04:26:04'),(221,'customer221','0723096246','Da Nang, District 2','2026-04-05 04:26:04'),(222,'customer222','0366293797','Da Nang, District 6','2026-04-05 04:26:04'),(223,'customer223','0338904914','Ho Chi Minh City, District 10','2026-04-05 04:26:04'),(224,'customer224','0425595263','Ho Chi Minh City, District 5','2026-04-05 04:26:04'),(225,'customer225','0472623744','Ho Chi Minh City, District 8','2026-04-05 04:26:04'),(226,'customer226','0521477444','Hai Phong, District 6','2026-04-05 04:26:04'),(227,'customer227','0843572445','Hanoi, District 1','2026-04-05 04:26:04'),(228,'customer228','0385587489','Ho Chi Minh City, District 7','2026-04-05 04:26:04'),(229,'customer229','0345183754','Da Nang, District 12','2026-04-05 04:26:04'),(230,'customer230','0683064717','Can Tho, District 11','2026-04-05 04:26:04'),(231,'customer231','0885573640','Hanoi, District 8','2026-04-05 04:26:04'),(232,'customer232','0899543908','Ho Chi Minh City, District 1','2026-04-05 04:26:04'),(233,'customer233','0809594055','Da Nang, District 9','2026-04-05 04:26:04'),(234,'customer234','0875882316','Ho Chi Minh City, District 10','2026-04-05 04:26:04'),(235,'customer235','0694845941','Da Nang, District 8','2026-04-05 04:26:04'),(236,'customer236','0982192106','Hanoi, District 1','2026-04-05 04:26:04'),(237,'customer237','0969377245','Hai Phong, District 3','2026-04-05 04:26:04'),(238,'customer238','0712710085','Hanoi, District 6','2026-04-05 04:26:04'),(239,'customer239','0329694021','Can Tho, District 9','2026-04-05 04:26:04'),(240,'customer240','0658143089','Hanoi, District 10','2026-04-05 04:26:04'),(241,'customer241','0647272285','Hai Phong, District 12','2026-04-05 04:26:04'),(242,'customer242','0647390041','Can Tho, District 8','2026-04-05 04:26:04'),(243,'customer243','0742974081','Hai Phong, District 12','2026-04-05 04:26:04'),(244,'customer244','0663960660','Hai Phong, District 8','2026-04-05 04:26:04'),(245,'customer245','0762643313','Ho Chi Minh City, District 2','2026-04-05 04:26:04'),(246,'customer246','0607986001','Can Tho, District 2','2026-04-05 04:26:04'),(247,'customer247','0656685196','Da Nang, District 6','2026-04-05 04:26:04'),(248,'customer248','0937447426','Da Nang, District 8','2026-04-05 04:26:04'),(249,'customer249','0609617773','Hai Phong, District 8','2026-04-05 04:26:04'),(250,'customer250','0865138341','Ho Chi Minh City, District 4','2026-04-05 04:26:04'),(251,'customer251','0553424734','Hanoi, District 1','2026-04-05 04:26:04'),(252,'customer252','0539916939','Da Nang, District 6','2026-04-05 04:26:04'),(253,'customer253','0584035884','Hanoi, District 2','2026-04-05 04:26:04'),(254,'customer254','0575008410','Hanoi, District 11','2026-04-05 04:26:04'),(255,'customer255','0425414880','Ho Chi Minh City, District 11','2026-04-05 04:26:04'),(256,'customer256','0674471519','Can Tho, District 3','2026-04-05 04:26:04'),(257,'customer257','0635543476','Hanoi, District 10','2026-04-05 04:26:04'),(258,'customer258','0949457138','Da Nang, District 8','2026-04-05 04:26:04'),(259,'customer259','0906057295','Ho Chi Minh City, District 7','2026-04-05 04:26:04'),(260,'customer260','0535555283','Can Tho, District 1','2026-04-05 04:26:04'),(261,'customer261','0578410237','Can Tho, District 2','2026-04-05 04:26:04'),(262,'customer262','0893352373','Can Tho, District 11','2026-04-05 04:26:04'),(263,'customer263','0731222953','Ho Chi Minh City, District 12','2026-04-05 04:26:04'),(264,'customer264','0502301913','Can Tho, District 7','2026-04-05 04:26:04'),(265,'customer265','0857905383','Ho Chi Minh City, District 11','2026-04-05 04:26:04'),(266,'customer266','0714149460','Hai Phong, District 8','2026-04-05 04:26:04'),(267,'customer267','0658734164','Da Nang, District 11','2026-04-05 04:26:04'),(268,'customer268','0986446695','Can Tho, District 7','2026-04-05 04:26:04'),(269,'customer269','0342312806','Hanoi, District 2','2026-04-05 04:26:04'),(270,'customer270','0947139622','Hanoi, District 6','2026-04-05 04:26:04'),(271,'customer271','0847745838','Can Tho, District 12','2026-04-05 04:26:04'),(272,'customer272','0906822355','Da Nang, District 1','2026-04-05 04:26:04'),(273,'customer273','0685917705','Da Nang, District 3','2026-04-05 04:26:04'),(274,'customer274','0444010642','Hai Phong, District 9','2026-04-05 04:26:04'),(275,'customer275','0349983008','Ho Chi Minh City, District 3','2026-04-05 04:26:04'),(276,'customer276','0534708234','Da Nang, District 11','2026-04-05 04:26:04'),(277,'customer277','0742546759','Hanoi, District 9','2026-04-05 04:26:04'),(278,'customer278','0622614401','Da Nang, District 2','2026-04-05 04:26:04'),(279,'customer279','0739041645','Da Nang, District 10','2026-04-05 04:26:04'),(280,'customer280','0379552321','Da Nang, District 5','2026-04-05 04:26:04'),(281,'customer281','0405493847','Ho Chi Minh City, District 1','2026-04-05 04:26:04'),(282,'customer282','0635085799','Ho Chi Minh City, District 5','2026-04-05 04:26:04'),(283,'customer283','0686209804','Hai Phong, District 11','2026-04-05 04:26:04'),(284,'customer284','0352835684','Ho Chi Minh City, District 1','2026-04-05 04:26:04'),(285,'customer285','0324913366','Ho Chi Minh City, District 12','2026-04-05 04:26:04'),(286,'customer286','0982707576','Ho Chi Minh City, District 10','2026-04-05 04:26:04'),(287,'customer287','0667516112','Hai Phong, District 10','2026-04-05 04:26:04'),(288,'customer288','0716098829','Hai Phong, District 12','2026-04-05 04:26:04'),(289,'customer289','0989013165','Hai Phong, District 1','2026-04-05 04:26:04'),(290,'customer290','0563165587','Da Nang, District 3','2026-04-05 04:26:04'),(291,'customer291','0965962664','Can Tho, District 8','2026-04-05 04:26:04'),(292,'customer292','0754399509','Ho Chi Minh City, District 2','2026-04-05 04:26:04'),(293,'customer293','0939629138','Da Nang, District 6','2026-04-05 04:26:04'),(294,'customer294','0389089039','Hai Phong, District 12','2026-04-05 04:26:04'),(295,'customer295','0911149315','Da Nang, District 5','2026-04-05 04:26:04'),(296,'customer296','0779721534','Hai Phong, District 5','2026-04-05 04:26:04'),(297,'customer297','0422013498','Da Nang, District 2','2026-04-05 04:26:04'),(298,'customer298','0534020242','Da Nang, District 3','2026-04-05 04:26:04'),(299,'customer299','0522746442','Da Nang, District 4','2026-04-05 04:26:04'),(300,'customer300','0652104087','Da Nang, District 8','2026-04-05 04:26:04'),(301,'customer301','0591918760','Ho Chi Minh City, District 7','2026-04-05 04:26:04'),(302,'customer302','0664208387','Hanoi, District 10','2026-04-05 04:26:04'),(303,'customer303','0592523168','Ho Chi Minh City, District 11','2026-04-05 04:26:04'),(304,'customer304','0681511103','Hai Phong, District 4','2026-04-05 04:26:04'),(305,'customer305','0955309487','Hai Phong, District 10','2026-04-05 04:26:04'),(306,'customer306','0932871898','Ho Chi Minh City, District 10','2026-04-05 04:26:04'),(307,'customer307','0729888118','Can Tho, District 1','2026-04-05 04:26:04'),(308,'customer308','0933710225','Hanoi, District 8','2026-04-05 04:26:04'),(309,'customer309','0749283792','Da Nang, District 1','2026-04-05 04:26:04'),(310,'customer310','0724823880','Ho Chi Minh City, District 10','2026-04-05 04:26:04'),(311,'customer311','0605149698','Ho Chi Minh City, District 2','2026-04-05 04:26:04'),(312,'customer312','0681680873','Can Tho, District 6','2026-04-05 04:26:04'),(313,'customer313','0778036673','Hai Phong, District 6','2026-04-05 04:26:04'),(314,'customer314','0949605192','Ho Chi Minh City, District 7','2026-04-05 04:26:04'),(315,'customer315','0608952968','Can Tho, District 11','2026-04-05 04:26:04'),(316,'customer316','0451320959','Hanoi, District 9','2026-04-05 04:26:04'),(317,'customer317','0905947162','Ho Chi Minh City, District 4','2026-04-05 04:26:04'),(318,'customer318','0891519688','Ho Chi Minh City, District 3','2026-04-05 04:26:04'),(319,'customer319','0399600106','Da Nang, District 3','2026-04-05 04:26:04'),(320,'customer320','0955471784','Ho Chi Minh City, District 3','2026-04-05 04:26:04'),(321,'customer321','0702121374','Da Nang, District 12','2026-04-05 04:26:04'),(322,'customer322','0757216145','Hai Phong, District 12','2026-04-05 04:26:04'),(323,'customer323','0455211515','Ho Chi Minh City, District 9','2026-04-05 04:26:04'),(324,'customer324','0775530631','Can Tho, District 7','2026-04-05 04:26:04'),(325,'customer325','0321973433','Ho Chi Minh City, District 3','2026-04-05 04:26:04'),(326,'customer326','0684711413','Can Tho, District 8','2026-04-05 04:26:04'),(327,'customer327','0805934603','Hanoi, District 8','2026-04-05 04:26:04'),(328,'customer328','0734170606','Ho Chi Minh City, District 11','2026-04-05 04:26:04'),(329,'customer329','0585676349','Ho Chi Minh City, District 6','2026-04-05 04:26:04'),(330,'customer330','0779999327','Hai Phong, District 4','2026-04-05 04:26:04'),(331,'customer331','0355657255','Hai Phong, District 9','2026-04-05 04:26:04'),(332,'customer332','0874937246','Hanoi, District 10','2026-04-05 04:26:04'),(333,'customer333','0366564854','Da Nang, District 3','2026-04-05 04:26:04'),(334,'customer334','0523639893','Hai Phong, District 12','2026-04-05 04:26:04'),(335,'customer335','0686933039','Hanoi, District 3','2026-04-05 04:26:04'),(336,'customer336','0515741429','Ho Chi Minh City, District 5','2026-04-05 04:26:04'),(337,'customer337','0697822235','Ho Chi Minh City, District 9','2026-04-05 04:26:04'),(338,'customer338','0969973302','Hanoi, District 12','2026-04-05 04:26:04'),(339,'customer339','0685075175','Hai Phong, District 9','2026-04-05 04:26:04'),(340,'customer340','0398518116','Hai Phong, District 3','2026-04-05 04:26:04'),(341,'customer341','0565033195','Da Nang, District 11','2026-04-05 04:26:04'),(342,'customer342','0494853287','Ho Chi Minh City, District 6','2026-04-05 04:26:04'),(343,'customer343','0321626297','Can Tho, District 3','2026-04-05 04:26:04'),(344,'customer344','0805570455','Ho Chi Minh City, District 12','2026-04-05 04:26:04'),(345,'customer345','0921434774','Ho Chi Minh City, District 11','2026-04-05 04:26:04'),(346,'customer346','0585044357','Ho Chi Minh City, District 6','2026-04-05 04:26:04'),(347,'customer347','0852661040','Ho Chi Minh City, District 10','2026-04-05 04:26:04'),(348,'customer348','0474368782','Can Tho, District 2','2026-04-05 04:26:04'),(349,'customer349','0747947358','Da Nang, District 3','2026-04-05 04:26:04'),(350,'customer350','0771677447','Hanoi, District 1','2026-04-05 04:26:04'),(351,'customer351','0684628482','Can Tho, District 9','2026-04-05 04:26:04'),(352,'customer352','0601824052','Hanoi, District 11','2026-04-05 04:26:04'),(353,'customer353','0849317814','Can Tho, District 7','2026-04-05 04:26:04'),(354,'customer354','0615408506','Can Tho, District 8','2026-04-05 04:26:04'),(355,'customer355','0738691474','Hai Phong, District 9','2026-04-05 04:26:04'),(356,'customer356','0911305216','Hai Phong, District 5','2026-04-05 04:26:04'),(357,'customer357','0795956773','Ho Chi Minh City, District 5','2026-04-05 04:26:04'),(358,'customer358','0515174562','Ho Chi Minh City, District 7','2026-04-05 04:26:04'),(359,'customer359','0687769886','Da Nang, District 11','2026-04-05 04:26:04'),(360,'customer360','0535920103','Ho Chi Minh City, District 2','2026-04-05 04:26:04'),(361,'customer361','0349302098','Ho Chi Minh City, District 4','2026-04-05 04:26:04'),(362,'customer362','0684691784','Hanoi, District 8','2026-04-05 04:26:04'),(363,'customer363','0989744809','Hai Phong, District 9','2026-04-05 04:26:04'),(364,'customer364','0974829307','Hanoi, District 5','2026-04-05 04:26:04'),(365,'customer365','0515790572','Can Tho, District 5','2026-04-05 04:26:04'),(366,'customer366','0536090090','Hai Phong, District 2','2026-04-05 04:26:04'),(367,'customer367','0339530731','Can Tho, District 6','2026-04-05 04:26:04'),(368,'customer368','0947612632','Ho Chi Minh City, District 5','2026-04-05 04:26:04'),(369,'customer369','0455769826','Da Nang, District 7','2026-04-05 04:26:04'),(370,'customer370','0681328813','Ho Chi Minh City, District 11','2026-04-05 04:26:04'),(371,'customer371','0644972728','Can Tho, District 9','2026-04-05 04:26:04'),(372,'customer372','0583957623','Hanoi, District 9','2026-04-05 04:26:04'),(373,'customer373','0537932550','Hanoi, District 11','2026-04-05 04:26:04'),(374,'customer374','0927287970','Da Nang, District 2','2026-04-05 04:26:04'),(375,'customer375','0609775700','Can Tho, District 3','2026-04-05 04:26:04'),(376,'customer376','0667189704','Can Tho, District 3','2026-04-05 04:26:04'),(377,'customer377','0659105008','Hai Phong, District 12','2026-04-05 04:26:04'),(378,'customer378','0752679658','Hanoi, District 3','2026-04-05 04:26:04'),(379,'customer379','0419922679','Can Tho, District 3','2026-04-05 04:26:04'),(380,'customer380','0429413465','Ho Chi Minh City, District 12','2026-04-05 04:26:04'),(381,'customer381','0482471900','Hanoi, District 6','2026-04-05 04:26:04'),(382,'customer382','0575174112','Hanoi, District 5','2026-04-05 04:26:04'),(383,'customer383','0441289245','Hanoi, District 12','2026-04-05 04:26:04'),(384,'customer384','0812284622','Can Tho, District 7','2026-04-05 04:26:04'),(385,'customer385','0438569589','Da Nang, District 10','2026-04-05 04:26:04'),(386,'customer386','0777384956','Hai Phong, District 2','2026-04-05 04:26:04'),(387,'customer387','0515411076','Hai Phong, District 10','2026-04-05 04:26:04'),(388,'customer388','0443682189','Hanoi, District 9','2026-04-05 04:26:04'),(389,'customer389','0965629735','Da Nang, District 11','2026-04-05 04:26:04'),(390,'customer390','0955608173','Hai Phong, District 2','2026-04-05 04:26:04'),(391,'customer391','0557611675','Ho Chi Minh City, District 10','2026-04-05 04:26:04'),(392,'customer392','0515800387','Ho Chi Minh City, District 8','2026-04-05 04:26:04'),(393,'customer393','0726105361','Hai Phong, District 7','2026-04-05 04:26:04'),(394,'customer394','0866459335','Ho Chi Minh City, District 2','2026-04-05 04:26:04'),(395,'customer395','0776947281','Hai Phong, District 9','2026-04-05 04:26:04'),(396,'customer396','0595429820','Can Tho, District 2','2026-04-05 04:26:04'),(397,'customer397','0846461387','Can Tho, District 10','2026-04-05 04:26:04'),(398,'customer398','0446803612','Ho Chi Minh City, District 5','2026-04-05 04:26:04'),(399,'customer399','0359676030','Ho Chi Minh City, District 4','2026-04-05 04:26:04'),(400,'customer400','0329447456','Ho Chi Minh City, District 7','2026-04-05 04:26:04'),(401,'customer401','0817561656','Can Tho, District 10','2026-04-05 04:26:04'),(402,'customer402','0637623105','Ho Chi Minh City, District 4','2026-04-05 04:26:04'),(403,'customer403','0777208363','Can Tho, District 10','2026-04-05 04:26:04'),(404,'customer404','0699784940','Can Tho, District 2','2026-04-05 04:26:04'),(405,'customer405','0958234492','Hai Phong, District 2','2026-04-05 04:26:04'),(406,'customer406','0927716022','Hai Phong, District 6','2026-04-05 04:26:04'),(407,'customer407','0918745734','Ho Chi Minh City, District 9','2026-04-05 04:26:04'),(408,'customer408','0975394769','Ho Chi Minh City, District 11','2026-04-05 04:26:04'),(409,'customer409','0552848816','Ho Chi Minh City, District 7','2026-04-05 04:26:04'),(410,'customer410','0846372236','Hanoi, District 9','2026-04-05 04:26:04'),(411,'customer411','0903064643','Da Nang, District 6','2026-04-05 04:26:04'),(412,'customer412','0476983861','Ho Chi Minh City, District 10','2026-04-05 04:26:04'),(413,'customer413','0436982850','Da Nang, District 1','2026-04-05 04:26:04'),(414,'customer414','0961419753','Hanoi, District 3','2026-04-05 04:26:04'),(415,'customer415','0515153025','Can Tho, District 5','2026-04-05 04:26:04'),(416,'customer416','0437534059','Hanoi, District 12','2026-04-05 04:26:04'),(417,'customer417','0622517449','Da Nang, District 3','2026-04-05 04:26:04'),(418,'customer418','0487286620','Ho Chi Minh City, District 7','2026-04-05 04:26:04'),(419,'customer419','0603656020','Da Nang, District 4','2026-04-05 04:26:04'),(420,'customer420','0732879079','Da Nang, District 8','2026-04-05 04:26:04'),(421,'customer421','0831736074','Hanoi, District 12','2026-04-05 04:26:04'),(422,'customer422','0492972809','Da Nang, District 12','2026-04-05 04:26:04'),(423,'customer423','0875338173','Can Tho, District 5','2026-04-05 04:26:04'),(424,'customer424','0324857456','Ho Chi Minh City, District 7','2026-04-05 04:26:04'),(425,'customer425','0849263465','Da Nang, District 7','2026-04-05 04:26:04'),(426,'customer426','0941076604','Da Nang, District 3','2026-04-05 04:26:04'),(427,'customer427','0406019072','Da Nang, District 1','2026-04-05 04:26:04'),(428,'customer428','0699811008','Can Tho, District 12','2026-04-05 04:26:04'),(429,'customer429','0854925012','Hai Phong, District 7','2026-04-05 04:26:04'),(430,'customer430','0878270025','Can Tho, District 4','2026-04-05 04:26:04'),(431,'customer431','0497689477','Hanoi, District 1','2026-04-05 04:26:04'),(432,'customer432','0604448351','Can Tho, District 2','2026-04-05 04:26:04'),(433,'customer433','0499858890','Hanoi, District 4','2026-04-05 04:26:04'),(434,'customer434','0879867816','Hanoi, District 8','2026-04-05 04:26:04'),(435,'customer435','0425764950','Da Nang, District 11','2026-04-05 04:26:04'),(436,'customer436','0533342995','Hai Phong, District 2','2026-04-05 04:26:04'),(437,'customer437','0853462957','Da Nang, District 8','2026-04-05 04:26:04'),(438,'customer438','0355384533','Da Nang, District 9','2026-04-05 04:26:04'),(439,'customer439','0897684041','Hai Phong, District 8','2026-04-05 04:26:04'),(440,'customer440','0946585559','Hanoi, District 9','2026-04-05 04:26:04'),(441,'customer441','0671008469','Da Nang, District 3','2026-04-05 04:26:04'),(442,'customer442','0847224262','Ho Chi Minh City, District 6','2026-04-05 04:26:04'),(443,'customer443','0592308039','Hai Phong, District 7','2026-04-05 04:26:04'),(444,'customer444','0682359621','Da Nang, District 3','2026-04-05 04:26:04'),(445,'customer445','0671002634','Can Tho, District 5','2026-04-05 04:26:04'),(446,'customer446','0976897498','Ho Chi Minh City, District 8','2026-04-05 04:26:04'),(447,'customer447','0478829333','Hanoi, District 5','2026-04-05 04:26:04'),(448,'customer448','0456460755','Hai Phong, District 5','2026-04-05 04:26:04'),(449,'customer449','0758632038','Hai Phong, District 1','2026-04-05 04:26:04'),(450,'customer450','0715409714','Da Nang, District 9','2026-04-05 04:26:04'),(451,'customer451','0723145411','Can Tho, District 10','2026-04-05 04:26:04'),(452,'customer452','0337028272','Can Tho, District 6','2026-04-05 04:26:04'),(453,'customer453','0511868970','Da Nang, District 10','2026-04-05 04:26:04'),(454,'customer454','0828716150','Ho Chi Minh City, District 1','2026-04-05 04:26:04'),(455,'customer455','0647905525','Da Nang, District 12','2026-04-05 04:26:04'),(456,'customer456','0719009195','Hanoi, District 3','2026-04-05 04:26:04'),(457,'customer457','0736072690','Hanoi, District 11','2026-04-05 04:26:04'),(458,'customer458','0728387370','Hanoi, District 6','2026-04-05 04:26:04'),(459,'customer459','0984687057','Hai Phong, District 7','2026-04-05 04:26:04'),(460,'customer460','0736124008','Can Tho, District 9','2026-04-05 04:26:04'),(461,'customer461','0544167648','Can Tho, District 2','2026-04-05 04:26:04'),(462,'customer462','0415880082','Hanoi, District 4','2026-04-05 04:26:04'),(463,'customer463','0974008615','Hanoi, District 1','2026-04-05 04:26:04'),(464,'customer464','0417353710','Hanoi, District 5','2026-04-05 04:26:04'),(465,'customer465','0455730715','Da Nang, District 9','2026-04-05 04:26:04'),(466,'customer466','0746057802','Hai Phong, District 11','2026-04-05 04:26:05'),(467,'customer467','0878136896','Ho Chi Minh City, District 4','2026-04-05 04:26:05'),(468,'customer468','0354217695','Da Nang, District 2','2026-04-05 04:26:05'),(469,'customer469','0786569432','Ho Chi Minh City, District 8','2026-04-05 04:26:05'),(470,'customer470','0516855839','Hanoi, District 5','2026-04-05 04:26:05'),(471,'customer471','0468894331','Hai Phong, District 2','2026-04-05 04:26:05'),(472,'customer472','0761361998','Da Nang, District 8','2026-04-05 04:26:05'),(473,'customer473','0694623322','Ho Chi Minh City, District 4','2026-04-05 04:26:05'),(474,'customer474','0505235183','Ho Chi Minh City, District 7','2026-04-05 04:26:05'),(475,'customer475','0592924570','Hai Phong, District 3','2026-04-05 04:26:05'),(476,'customer476','0831227434','Da Nang, District 3','2026-04-05 04:26:05'),(477,'customer477','0466270290','Da Nang, District 12','2026-04-05 04:26:05'),(478,'customer478','0535819785','Da Nang, District 3','2026-04-05 04:26:05'),(479,'customer479','0699122810','Can Tho, District 9','2026-04-05 04:26:05'),(480,'customer480','0426817174','Hai Phong, District 9','2026-04-05 04:26:05'),(481,'customer481','0454370145','Ho Chi Minh City, District 10','2026-04-05 04:26:05'),(482,'customer482','0602861793','Can Tho, District 5','2026-04-05 04:26:05'),(483,'customer483','0923188017','Ho Chi Minh City, District 12','2026-04-05 04:26:05'),(484,'customer484','0789833260','Ho Chi Minh City, District 11','2026-04-05 04:26:05'),(485,'customer485','0361627280','Hai Phong, District 10','2026-04-05 04:26:05'),(486,'customer486','0597429251','Can Tho, District 3','2026-04-05 04:26:05'),(487,'customer487','0931504068','Ho Chi Minh City, District 11','2026-04-05 04:26:05'),(488,'customer488','0585701626','Hanoi, District 5','2026-04-05 04:26:05'),(489,'customer489','0752104527','Can Tho, District 6','2026-04-05 04:26:05'),(490,'customer490','0624960810','Hanoi, District 12','2026-04-05 04:26:05'),(491,'customer491','0796806831','Can Tho, District 6','2026-04-05 04:26:05'),(492,'customer492','0397255128','Da Nang, District 4','2026-04-05 04:26:05'),(493,'customer493','0513970233','Hanoi, District 2','2026-04-05 04:26:05'),(494,'customer494','0769581968','Ho Chi Minh City, District 12','2026-04-05 04:26:05'),(495,'customer495','0537344244','Can Tho, District 9','2026-04-05 04:26:05'),(496,'customer496','0864094132','Hanoi, District 6','2026-04-05 04:26:05'),(497,'customer497','0701810585','Hai Phong, District 12','2026-04-05 04:26:05'),(498,'customer498','0625827382','Can Tho, District 9','2026-04-05 04:26:05'),(499,'customer499','0797486392','Hanoi, District 11','2026-04-05 04:26:05'),(500,'customer500','0565894179','Hanoi, District 12','2026-04-05 04:26:05'),(501,'customer501','0929089206','Hai Phong, District 1','2026-04-05 04:26:05'),(502,'customer502','0522663774','Hanoi, District 9','2026-04-05 04:26:05'),(503,'customer503','0656992630','Da Nang, District 4','2026-04-05 04:26:05'),(504,'customer504','0694180270','Can Tho, District 6','2026-04-05 04:26:05'),(505,'customer505','0675586064','Hai Phong, District 10','2026-04-05 04:26:05'),(506,'customer506','0343957973','Hanoi, District 3','2026-04-05 04:26:05'),(507,'customer507','0921392789','Can Tho, District 6','2026-04-05 04:26:05'),(508,'customer508','0794337288','Can Tho, District 11','2026-04-05 04:26:05'),(509,'customer509','0414897721','Ho Chi Minh City, District 10','2026-04-05 04:26:05'),(510,'customer510','0867784609','Da Nang, District 6','2026-04-05 04:26:05');
/*!40000 ALTER TABLE `customers` ENABLE KEYS */;
UNLOCK TABLES;

--
-- Table structure for table `deliveries`
--

DROP TABLE IF EXISTS `deliveries`;
/*!40101 SET @saved_cs_client     = @@character_set_client */;
/*!50503 SET character_set_client = utf8mb4 */;
CREATE TABLE `deliveries` (
  `Delivery_ID` int NOT NULL AUTO_INCREMENT,
  `Order_ID` int NOT NULL,
  `Vehicle_ID` int NOT NULL,
  `Estimated_Time` datetime DEFAULT NULL,
  `Delivery_Status` enum('In Transit','Completed','Failed') DEFAULT 'In Transit',
  `Driver_Note` varchar(255) NOT NULL,
  PRIMARY KEY (`Delivery_ID`),
  UNIQUE KEY `Order_ID` (`Order_ID`),
  KEY `Vehicle_ID` (`Vehicle_ID`),
  KEY `idx_deliveries_status` (`Delivery_Status`),
  CONSTRAINT `deliveries_ibfk_1` FOREIGN KEY (`Order_ID`) REFERENCES `orders` (`Order_ID`) ON DELETE CASCADE,
  CONSTRAINT `deliveries_ibfk_2` FOREIGN KEY (`Vehicle_ID`) REFERENCES `vehicles` (`Vehicle_ID`) ON DELETE CASCADE,
  CONSTRAINT `chk_driver_note` CHECK ((`Driver_Note` in (_utf8mb4'Handle with care',_utf8mb4'Gate code 1234',_utf8mb4'Call before arrival')))
) ENGINE=InnoDB AUTO_INCREMENT=511 DEFAULT CHARSET=utf8mb4 COLLATE=utf8mb4_0900_ai_ci;
/*!40101 SET character_set_client = @saved_cs_client */;

--
-- Dumping data for table `deliveries`
--

LOCK TABLES `deliveries` WRITE;
/*!40000 ALTER TABLE `deliveries` DISABLE KEYS */;
INSERT INTO `deliveries` VALUES (1,1,83,'2025-12-14 21:38:34','In Transit','Handle with care'),(2,2,48,'2025-09-30 06:58:49','Failed','Handle with care'),(3,3,237,'2025-06-14 02:41:02','Failed','Call before arrival'),(4,4,505,'2025-11-18 18:06:05','In Transit','Gate code 1234'),(5,5,442,'2025-01-14 12:54:44','Completed','Gate code 1234'),(6,6,162,'2025-09-25 05:02:36','Failed','Gate code 1234'),(7,7,447,'2025-10-17 08:53:38','Failed','Gate code 1234'),(8,8,164,'2025-12-18 18:51:04','In Transit','Gate code 1234'),(9,9,441,'2025-03-09 17:11:17','Completed','Call before arrival'),(10,10,234,'2025-06-04 18:49:15','Failed','Gate code 1234'),(11,11,86,'2026-01-25 01:53:41','Completed','Handle with care'),(12,12,32,'2025-04-11 17:26:08','In Transit','Gate code 1234'),(13,13,10,'2025-10-21 16:53:50','Failed','Handle with care'),(14,14,190,'2026-01-25 11:48:00','Failed','Call before arrival'),(15,15,258,'2025-07-21 02:04:37','In Transit','Handle with care'),(16,16,170,'2025-10-26 19:24:47','Completed','Gate code 1234'),(17,17,147,'2025-07-07 05:50:29','In Transit','Gate code 1234'),(18,18,94,'2025-02-09 02:03:01','Failed','Gate code 1234'),(19,19,76,'2025-07-11 19:06:05','Completed','Handle with care'),(20,20,282,'2025-02-03 23:12:07','In Transit','Call before arrival'),(21,21,196,'2025-04-09 12:23:40','In Transit','Handle with care'),(22,22,368,'2025-01-21 01:56:54','In Transit','Handle with care'),(23,23,341,'2025-08-26 18:09:14','Failed','Call before arrival'),(24,24,47,'2025-09-10 03:19:40','Failed','Call before arrival'),(25,25,158,'2025-02-28 02:10:42','In Transit','Gate code 1234'),(26,26,499,'2025-02-17 22:11:20','Completed','Call before arrival'),(27,27,301,'2025-03-18 14:09:39','Completed','Handle with care'),(28,28,456,'2026-02-01 18:11:25','In Transit','Handle with care'),(29,29,47,'2025-05-28 08:41:24','Completed','Gate code 1234'),(30,30,94,'2025-08-26 16:03:00','Failed','Call before arrival'),(31,31,112,'2025-12-22 09:26:34','Failed','Call before arrival'),(32,32,125,'2025-05-19 21:19:03','Failed','Handle with care'),(33,33,296,'2025-10-21 06:20:37','In Transit','Handle with care'),(34,34,461,'2025-01-17 05:52:43','In Transit','Handle with care'),(35,35,396,'2025-04-01 00:15:53','Completed','Handle with care'),(36,36,315,'2025-12-05 17:04:35','Completed','Gate code 1234'),(37,37,321,'2025-12-03 06:24:04','Failed','Handle with care'),(38,38,342,'2025-09-30 15:46:05','Failed','Handle with care'),(39,39,30,'2026-01-04 19:45:38','In Transit','Call before arrival'),(40,40,193,'2025-07-29 07:48:33','Completed','Gate code 1234'),(41,41,456,'2025-03-23 22:15:19','Failed','Gate code 1234'),(42,42,169,'2025-01-03 16:23:44','Failed','Handle with care'),(43,43,277,'2025-10-28 22:41:46','In Transit','Handle with care'),(44,44,361,'2025-06-26 01:21:48','In Transit','Gate code 1234'),(45,45,158,'2025-12-16 12:32:20','Failed','Gate code 1234'),(46,46,117,'2026-01-24 21:59:12','In Transit','Gate code 1234'),(47,47,105,'2025-02-25 23:32:21','Completed','Gate code 1234'),(48,48,370,'2025-02-12 17:59:04','Failed','Gate code 1234'),(49,49,196,'2025-06-04 12:31:31','In Transit','Handle with care'),(50,50,371,'2025-06-16 05:22:47','Failed','Gate code 1234'),(51,51,213,'2026-01-21 17:18:27','Completed','Call before arrival'),(52,52,128,'2025-05-19 17:32:27','Failed','Gate code 1234'),(53,53,380,'2025-01-31 22:17:22','In Transit','Handle with care'),(54,54,211,'2025-08-09 23:09:06','Failed','Call before arrival'),(55,55,440,'2025-03-22 10:39:42','In Transit','Handle with care'),(56,56,5,'2025-03-08 10:02:54','In Transit','Gate code 1234'),(57,57,353,'2025-01-15 18:06:03','Completed','Handle with care'),(58,58,271,'2025-08-29 12:47:02','In Transit','Gate code 1234'),(59,59,456,'2025-05-17 16:42:49','In Transit','Handle with care'),(60,60,200,'2025-05-07 18:27:52','Failed','Handle with care'),(61,61,38,'2025-05-01 03:30:47','Failed','Handle with care'),(62,62,381,'2025-01-16 01:49:40','Completed','Handle with care'),(63,63,302,'2025-11-15 17:01:00','Failed','Gate code 1234'),(64,64,29,'2025-08-08 00:43:08','In Transit','Call before arrival'),(65,65,271,'2025-01-19 22:37:21','In Transit','Gate code 1234'),(66,66,245,'2026-01-11 11:02:33','In Transit','Gate code 1234'),(67,67,299,'2025-09-15 20:12:28','Failed','Handle with care'),(68,68,404,'2025-11-20 11:57:11','In Transit','Handle with care'),(69,69,501,'2025-12-06 15:57:46','In Transit','Handle with care'),(70,70,172,'2025-05-29 19:28:36','Failed','Gate code 1234'),(71,71,462,'2025-07-09 16:46:17','Failed','Call before arrival'),(72,72,509,'2025-12-10 05:55:57','In Transit','Handle with care'),(73,73,118,'2025-05-02 05:30:12','In Transit','Handle with care'),(74,74,55,'2026-01-11 05:27:22','Failed','Gate code 1234'),(75,75,79,'2025-03-20 19:23:31','Failed','Handle with care'),(76,76,68,'2025-01-23 00:36:17','Failed','Call before arrival'),(77,77,398,'2025-08-23 21:13:22','Failed','Handle with care'),(78,78,500,'2025-11-13 11:27:10','Completed','Call before arrival'),(79,79,444,'2025-01-04 00:21:50','Failed','Call before arrival'),(80,80,119,'2025-04-23 18:46:12','Failed','Call before arrival'),(81,81,111,'2025-10-03 03:43:27','Failed','Call before arrival'),(82,82,154,'2025-11-09 18:47:55','In Transit','Gate code 1234'),(83,83,144,'2026-01-19 23:31:47','Completed','Call before arrival'),(84,84,182,'2025-04-11 12:49:55','In Transit','Handle with care'),(85,85,30,'2025-07-07 19:21:45','Completed','Call before arrival'),(86,86,121,'2025-08-15 00:13:03','In Transit','Call before arrival'),(87,87,273,'2025-11-02 10:12:48','Failed','Handle with care'),(88,88,233,'2025-10-15 12:36:03','Completed','Gate code 1234'),(89,89,277,'2025-10-18 02:21:01','In Transit','Handle with care'),(90,90,71,'2025-11-24 20:08:23','Failed','Handle with care'),(91,91,53,'2025-11-27 00:36:59','In Transit','Call before arrival'),(92,92,333,'2025-04-22 21:06:51','Failed','Handle with care'),(93,93,350,'2026-01-09 20:18:49','Failed','Call before arrival'),(94,94,179,'2025-12-21 18:46:20','Completed','Handle with care'),(95,95,157,'2025-08-26 02:08:59','Failed','Handle with care'),(96,96,212,'2025-11-07 05:26:46','In Transit','Call before arrival'),(97,97,434,'2025-05-26 01:45:52','Failed','Handle with care'),(98,98,189,'2025-07-24 01:53:20','Failed','Handle with care'),(99,99,421,'2025-10-22 10:09:58','Failed','Call before arrival'),(100,100,220,'2025-08-13 23:28:20','In Transit','Handle with care'),(101,101,85,'2025-10-09 05:57:40','In Transit','Handle with care'),(102,102,5,'2025-07-16 20:18:43','Failed','Handle with care'),(103,103,281,'2025-10-30 00:33:45','Completed','Call before arrival'),(104,104,114,'2025-01-29 05:33:39','In Transit','Call before arrival'),(105,105,231,'2025-06-18 09:37:14','In Transit','Handle with care'),(106,106,150,'2025-05-24 01:03:19','Completed','Handle with care'),(107,107,242,'2025-01-10 11:43:19','Completed','Call before arrival'),(108,108,391,'2025-07-09 12:09:28','Completed','Call before arrival'),(109,109,330,'2025-07-12 14:57:27','In Transit','Handle with care'),(110,110,140,'2025-07-18 02:05:37','In Transit','Gate code 1234'),(111,111,18,'2025-05-18 07:15:57','Failed','Call before arrival'),(112,112,183,'2025-05-31 18:14:02','In Transit','Handle with care'),(113,113,196,'2025-03-05 17:30:52','In Transit','Call before arrival'),(114,114,452,'2025-04-10 04:43:47','Failed','Gate code 1234'),(115,115,510,'2025-08-08 09:04:48','Completed','Handle with care'),(116,116,22,'2025-11-28 09:33:51','Failed','Gate code 1234'),(117,117,31,'2025-01-17 02:15:10','Completed','Gate code 1234'),(118,118,116,'2026-01-04 19:31:42','Completed','Gate code 1234'),(119,119,28,'2025-10-22 12:05:13','In Transit','Gate code 1234'),(120,120,361,'2025-02-07 05:48:26','In Transit','Gate code 1234'),(121,121,304,'2025-07-20 22:22:31','Completed','Call before arrival'),(122,122,205,'2025-11-11 15:46:59','Failed','Gate code 1234'),(123,123,89,'2025-02-13 14:14:08','Failed','Gate code 1234'),(124,124,408,'2026-01-21 15:21:15','Completed','Handle with care'),(125,125,108,'2025-03-23 13:20:42','Completed','Gate code 1234'),(126,126,62,'2025-06-21 06:29:18','Failed','Call before arrival'),(127,127,149,'2025-08-21 21:10:06','In Transit','Gate code 1234'),(128,128,141,'2025-08-14 04:54:51','Failed','Call before arrival'),(129,129,339,'2025-06-16 08:34:27','Failed','Handle with care'),(130,130,433,'2025-02-02 02:46:58','Completed','Call before arrival'),(131,131,509,'2025-08-25 11:02:48','Completed','Call before arrival'),(132,132,8,'2025-12-29 20:48:30','Failed','Call before arrival'),(133,133,402,'2025-03-31 13:14:52','Failed','Gate code 1234'),(134,134,56,'2025-11-08 13:50:01','Completed','Call before arrival'),(135,135,382,'2025-11-06 18:59:30','Completed','Call before arrival'),(136,136,211,'2025-10-06 04:56:12','In Transit','Handle with care'),(137,137,351,'2025-12-31 22:45:07','In Transit','Handle with care'),(138,138,18,'2025-07-11 10:07:51','Failed','Gate code 1234'),(139,139,292,'2025-06-21 02:37:02','Completed','Call before arrival'),(140,140,158,'2025-02-09 06:23:27','Failed','Call before arrival'),(141,141,303,'2025-01-24 06:10:40','In Transit','Handle with care'),(142,142,421,'2025-07-09 14:09:34','In Transit','Handle with care'),(143,143,187,'2026-01-27 20:07:12','In Transit','Gate code 1234'),(144,144,346,'2025-07-03 07:40:47','Completed','Handle with care'),(145,145,119,'2025-03-22 17:21:57','Failed','Handle with care'),(146,146,42,'2025-10-28 08:25:08','In Transit','Handle with care'),(147,147,334,'2025-11-16 10:23:50','In Transit','Gate code 1234'),(148,148,411,'2025-04-08 06:32:04','In Transit','Gate code 1234'),(149,149,263,'2025-01-14 01:57:43','Failed','Call before arrival'),(150,150,200,'2025-02-18 04:45:34','Failed','Gate code 1234'),(151,151,62,'2025-03-03 06:39:31','Completed','Gate code 1234'),(152,152,357,'2025-09-22 16:16:01','Failed','Handle with care'),(153,153,261,'2025-07-24 02:57:18','Failed','Gate code 1234'),(154,154,315,'2025-04-14 01:00:05','Failed','Call before arrival'),(155,155,165,'2025-02-11 13:00:13','In Transit','Gate code 1234'),(156,156,332,'2025-10-07 13:38:38','Completed','Call before arrival'),(157,157,502,'2025-06-09 09:09:39','Failed','Gate code 1234'),(158,158,323,'2025-01-03 12:48:34','Completed','Handle with care'),(159,159,359,'2025-08-31 03:25:59','In Transit','Handle with care'),(160,160,335,'2025-08-28 13:15:08','Completed','Call before arrival'),(161,161,72,'2025-01-07 17:07:29','In Transit','Handle with care'),(162,162,20,'2025-08-10 14:47:18','Completed','Handle with care'),(163,163,255,'2025-03-29 04:45:33','Failed','Handle with care'),(164,164,212,'2026-01-22 21:19:06','Failed','Gate code 1234'),(165,165,493,'2025-05-01 18:54:43','Failed','Handle with care'),(166,166,295,'2025-05-26 14:46:11','Failed','Call before arrival'),(167,167,53,'2025-01-26 14:53:23','Completed','Call before arrival'),(168,168,116,'2025-01-11 11:57:11','Failed','Call before arrival'),(169,169,86,'2025-06-24 18:14:57','In Transit','Gate code 1234'),(170,170,280,'2026-01-13 11:15:29','Failed','Call before arrival'),(171,171,128,'2025-01-07 17:56:58','Failed','Handle with care'),(172,172,448,'2025-11-04 02:47:34','Completed','Handle with care'),(173,173,379,'2025-09-05 15:29:37','Completed','Gate code 1234'),(174,174,255,'2025-12-08 22:00:21','Failed','Call before arrival'),(175,175,352,'2025-04-13 03:42:38','Completed','Call before arrival'),(176,176,67,'2026-01-14 01:00:00','Failed','Handle with care'),(177,177,122,'2025-11-03 03:53:34','In Transit','Call before arrival'),(178,178,446,'2025-07-28 17:41:09','In Transit','Handle with care'),(179,179,50,'2025-09-13 00:47:59','Completed','Gate code 1234'),(180,180,463,'2025-03-19 04:35:53','Failed','Gate code 1234'),(181,181,506,'2025-03-25 01:36:17','Completed','Gate code 1234'),(182,182,54,'2025-11-03 08:37:41','In Transit','Call before arrival'),(183,183,313,'2025-08-01 19:09:01','Failed','Gate code 1234'),(184,184,318,'2025-10-23 10:06:21','Failed','Call before arrival'),(185,185,22,'2025-09-24 05:57:03','In Transit','Gate code 1234'),(186,186,433,'2025-02-23 10:35:38','Failed','Call before arrival'),(187,187,398,'2025-01-29 19:10:11','Completed','Gate code 1234'),(188,188,240,'2025-06-25 07:26:21','Failed','Gate code 1234'),(189,189,489,'2025-01-24 02:21:52','Failed','Call before arrival'),(190,190,321,'2025-06-08 05:33:00','In Transit','Handle with care'),(191,191,311,'2026-01-30 07:05:22','Failed','Call before arrival'),(192,192,282,'2025-02-26 21:03:15','In Transit','Call before arrival'),(193,193,237,'2026-01-24 22:30:32','Failed','Gate code 1234'),(194,194,145,'2025-11-29 19:25:07','Failed','Handle with care'),(195,195,97,'2025-06-30 01:58:02','In Transit','Gate code 1234'),(196,196,493,'2025-09-04 22:17:34','Failed','Gate code 1234'),(197,197,371,'2025-11-17 12:01:52','In Transit','Handle with care'),(198,198,455,'2025-03-08 12:45:54','Completed','Handle with care'),(199,199,278,'2025-08-31 09:48:33','Completed','Call before arrival'),(200,200,434,'2025-07-28 23:54:23','Completed','Call before arrival'),(201,201,15,'2025-12-18 18:25:13','Failed','Call before arrival'),(202,202,416,'2025-04-13 06:23:51','Failed','Gate code 1234'),(203,203,214,'2025-10-01 02:16:54','Completed','Gate code 1234'),(204,204,201,'2025-03-07 01:43:24','Failed','Gate code 1234'),(205,205,434,'2025-03-06 15:26:24','Completed','Gate code 1234'),(206,206,335,'2026-01-03 05:50:36','In Transit','Handle with care'),(207,207,144,'2026-01-12 23:28:54','Failed','Gate code 1234'),(208,208,287,'2025-01-11 14:25:37','Failed','Call before arrival'),(209,209,312,'2025-04-07 06:36:11','Completed','Call before arrival'),(210,210,316,'2025-07-14 14:40:26','Failed','Call before arrival'),(211,211,74,'2025-11-10 02:14:02','In Transit','Call before arrival'),(212,212,42,'2025-05-09 10:25:05','Completed','Handle with care'),(213,213,451,'2025-11-03 00:09:29','Failed','Gate code 1234'),(214,214,395,'2026-01-17 00:38:41','In Transit','Call before arrival'),(215,215,349,'2025-11-12 05:22:56','Failed','Handle with care'),(216,216,399,'2025-01-11 16:43:36','Completed','Call before arrival'),(217,217,241,'2025-08-05 06:03:18','In Transit','Call before arrival'),(218,218,112,'2025-12-10 20:37:15','Completed','Gate code 1234'),(219,219,404,'2025-08-01 17:32:52','Failed','Call before arrival'),(220,220,506,'2025-03-15 18:56:28','Failed','Call before arrival'),(221,221,285,'2025-12-16 19:21:35','Failed','Handle with care'),(222,222,501,'2025-04-02 20:15:16','Failed','Gate code 1234'),(223,223,447,'2025-06-12 18:49:03','Completed','Call before arrival'),(224,224,56,'2025-06-13 23:07:40','In Transit','Handle with care'),(225,225,45,'2026-01-28 08:35:16','Completed','Gate code 1234'),(226,226,391,'2025-03-29 06:23:06','In Transit','Call before arrival'),(227,227,102,'2025-12-11 09:50:15','In Transit','Call before arrival'),(228,228,403,'2025-12-13 04:42:18','In Transit','Handle with care'),(229,229,330,'2025-07-09 05:25:13','Completed','Handle with care'),(230,230,180,'2025-05-04 00:07:57','In Transit','Gate code 1234'),(231,231,22,'2025-10-18 23:46:28','In Transit','Call before arrival'),(232,232,247,'2025-03-26 07:14:38','Failed','Gate code 1234'),(233,233,186,'2025-04-07 14:16:48','Failed','Call before arrival'),(234,234,255,'2025-03-04 00:38:47','Completed','Gate code 1234'),(235,235,370,'2025-08-07 02:37:01','Completed','Handle with care'),(236,236,111,'2025-03-26 12:09:45','Completed','Call before arrival'),(237,237,394,'2025-05-01 18:13:38','Failed','Handle with care'),(238,238,377,'2025-07-19 03:29:13','Completed','Gate code 1234'),(239,239,203,'2025-02-17 21:17:13','Failed','Gate code 1234'),(240,240,267,'2025-01-26 22:16:54','In Transit','Gate code 1234'),(241,241,84,'2025-05-27 03:38:58','Failed','Handle with care'),(242,242,151,'2025-09-28 03:36:00','Completed','Gate code 1234'),(243,243,7,'2025-09-12 05:01:28','In Transit','Handle with care'),(244,244,250,'2025-09-02 16:12:57','In Transit','Handle with care'),(245,245,347,'2025-04-06 04:12:45','In Transit','Call before arrival'),(246,246,369,'2025-10-01 14:51:42','Failed','Gate code 1234'),(247,247,60,'2025-02-25 11:31:17','In Transit','Handle with care'),(248,248,360,'2026-01-30 12:33:34','In Transit','Gate code 1234'),(249,249,141,'2025-04-27 02:32:31','In Transit','Handle with care'),(250,250,249,'2025-11-29 00:09:15','Completed','Gate code 1234'),(251,251,448,'2025-03-09 19:16:05','Completed','Handle with care'),(252,252,347,'2025-06-05 08:50:48','Completed','Gate code 1234'),(253,253,382,'2025-08-31 14:06:06','Completed','Call before arrival'),(254,254,467,'2025-06-04 19:56:47','Failed','Handle with care'),(255,255,177,'2025-11-27 17:34:55','Failed','Call before arrival'),(256,256,22,'2025-01-02 22:14:44','In Transit','Call before arrival'),(257,257,109,'2025-08-07 11:44:31','In Transit','Handle with care'),(258,258,196,'2025-11-26 01:20:52','Completed','Handle with care'),(259,259,4,'2025-09-20 23:47:26','Failed','Handle with care'),(260,260,190,'2025-04-23 08:57:42','Completed','Call before arrival'),(261,261,386,'2025-12-10 03:22:56','Failed','Gate code 1234'),(262,262,309,'2025-07-30 23:36:06','In Transit','Gate code 1234'),(263,263,299,'2025-01-03 19:01:57','Failed','Gate code 1234'),(264,264,37,'2025-02-08 21:18:54','Failed','Call before arrival'),(265,265,266,'2025-08-12 05:17:58','Failed','Gate code 1234'),(266,266,77,'2025-01-23 05:59:18','Failed','Handle with care'),(267,267,223,'2025-12-01 16:09:02','Completed','Call before arrival'),(268,268,21,'2025-07-15 07:27:40','In Transit','Handle with care'),(269,269,86,'2025-03-09 19:29:28','Failed','Handle with care'),(270,270,59,'2025-06-03 18:06:26','In Transit','Handle with care'),(271,271,33,'2025-02-11 23:08:22','Failed','Call before arrival'),(272,272,157,'2026-02-01 08:43:32','In Transit','Call before arrival'),(273,273,219,'2025-02-21 09:34:40','Completed','Handle with care'),(274,274,1,'2025-09-10 14:30:20','Failed','Gate code 1234'),(275,275,10,'2025-03-17 07:37:28','Failed','Call before arrival'),(276,276,461,'2025-11-19 03:31:14','Failed','Call before arrival'),(277,277,247,'2025-06-09 19:43:15','Failed','Handle with care'),(278,278,186,'2025-04-19 09:37:27','Completed','Gate code 1234'),(279,279,467,'2026-02-05 21:49:56','Completed','Gate code 1234'),(280,280,253,'2025-04-17 20:48:38','In Transit','Gate code 1234'),(281,281,32,'2025-08-11 11:01:02','Failed','Handle with care'),(282,282,433,'2025-11-23 11:01:34','In Transit','Handle with care'),(283,283,173,'2025-10-22 05:31:38','Failed','Handle with care'),(284,284,120,'2025-05-24 00:05:52','In Transit','Handle with care'),(285,285,192,'2026-01-29 03:50:39','Completed','Call before arrival'),(286,286,239,'2025-06-17 18:52:48','Failed','Gate code 1234'),(287,287,124,'2025-06-09 14:22:57','Completed','Handle with care'),(288,288,154,'2025-05-02 08:53:39','Completed','Handle with care'),(289,289,276,'2025-12-18 16:37:16','In Transit','Handle with care'),(290,290,444,'2026-01-24 21:39:58','Completed','Call before arrival'),(291,291,384,'2025-08-25 19:14:59','Completed','Gate code 1234'),(292,292,202,'2025-06-03 18:39:10','Failed','Handle with care'),(293,293,344,'2025-03-21 17:27:26','Failed','Call before arrival'),(294,294,218,'2025-08-14 20:04:14','Completed','Handle with care'),(295,295,207,'2025-03-15 11:48:09','In Transit','Handle with care'),(296,296,143,'2025-08-17 06:07:16','Failed','Handle with care'),(297,297,336,'2025-11-14 15:09:24','In Transit','Handle with care'),(298,298,319,'2025-06-20 21:02:34','In Transit','Handle with care'),(299,299,291,'2025-11-17 06:01:02','Failed','Gate code 1234'),(300,300,11,'2025-09-10 01:05:26','In Transit','Call before arrival'),(301,301,237,'2025-05-07 14:02:33','In Transit','Handle with care'),(302,302,90,'2025-10-19 21:58:46','In Transit','Handle with care'),(303,303,59,'2025-05-20 10:57:45','In Transit','Handle with care'),(304,304,129,'2025-10-22 19:30:29','Failed','Gate code 1234'),(305,305,7,'2025-10-04 19:04:43','Failed','Gate code 1234'),(306,306,356,'2025-11-20 11:00:17','In Transit','Gate code 1234'),(307,307,265,'2026-01-10 08:21:57','Failed','Call before arrival'),(308,308,88,'2025-11-21 18:55:11','Completed','Call before arrival'),(309,309,401,'2025-03-11 19:44:56','Failed','Gate code 1234'),(310,310,303,'2025-10-25 15:19:10','Completed','Call before arrival'),(311,311,80,'2026-01-01 22:25:32','In Transit','Gate code 1234'),(312,312,225,'2025-02-09 19:12:49','In Transit','Handle with care'),(313,313,379,'2025-05-23 07:10:07','Completed','Gate code 1234'),(314,314,508,'2025-05-18 19:34:51','Completed','Handle with care'),(315,315,510,'2026-01-20 15:20:14','Failed','Gate code 1234'),(316,316,187,'2025-09-23 09:37:57','In Transit','Call before arrival'),(317,317,379,'2025-09-01 12:53:33','Failed','Call before arrival'),(318,318,109,'2026-01-13 14:17:23','Failed','Handle with care'),(319,319,424,'2025-05-21 20:00:10','In Transit','Call before arrival'),(320,320,506,'2025-12-17 13:01:29','In Transit','Call before arrival'),(321,321,124,'2025-11-18 19:53:37','Completed','Gate code 1234'),(322,322,85,'2025-08-30 08:08:51','Completed','Gate code 1234'),(323,323,409,'2025-12-17 15:23:32','In Transit','Handle with care'),(324,324,408,'2025-01-25 12:18:02','In Transit','Handle with care'),(325,325,7,'2025-05-12 10:10:28','Failed','Call before arrival'),(326,326,380,'2025-08-22 12:21:13','Failed','Handle with care'),(327,327,231,'2025-01-25 16:01:32','Failed','Call before arrival'),(328,328,373,'2025-11-21 02:03:54','Failed','Call before arrival'),(329,329,279,'2025-10-29 11:29:08','Failed','Gate code 1234'),(330,330,397,'2025-03-24 10:48:56','In Transit','Gate code 1234'),(331,331,137,'2025-09-08 13:02:38','In Transit','Handle with care'),(332,332,86,'2025-10-24 02:23:34','Failed','Handle with care'),(333,333,26,'2025-09-09 11:37:04','In Transit','Call before arrival'),(334,334,338,'2025-07-05 08:14:02','In Transit','Handle with care'),(335,335,245,'2025-05-21 10:20:20','Failed','Call before arrival'),(336,336,141,'2025-09-01 21:43:09','Failed','Gate code 1234'),(337,337,114,'2025-04-18 22:44:11','Completed','Gate code 1234'),(338,338,108,'2026-01-31 14:02:11','Completed','Handle with care'),(339,339,49,'2025-11-07 21:12:31','Failed','Call before arrival'),(340,340,466,'2025-02-08 09:48:33','Failed','Call before arrival'),(341,341,243,'2025-08-07 08:13:31','Failed','Call before arrival'),(342,342,225,'2025-04-14 18:07:39','Completed','Gate code 1234'),(343,343,46,'2025-06-19 17:00:38','Completed','Handle with care'),(344,344,444,'2025-10-11 15:46:43','In Transit','Gate code 1234'),(345,345,489,'2025-01-04 14:30:51','Completed','Handle with care'),(346,346,218,'2025-02-18 20:25:25','Failed','Gate code 1234'),(347,347,118,'2025-07-01 17:16:35','Completed','Call before arrival'),(348,348,407,'2025-08-04 04:08:04','Failed','Gate code 1234'),(349,349,229,'2025-12-16 16:21:06','Completed','Gate code 1234'),(350,350,108,'2025-01-21 14:08:22','In Transit','Handle with care'),(351,351,168,'2026-01-02 12:45:43','In Transit','Gate code 1234'),(352,352,280,'2025-12-21 11:48:09','Completed','Call before arrival'),(353,353,112,'2025-09-23 21:59:50','In Transit','Handle with care'),(354,354,23,'2025-10-03 20:47:54','Completed','Call before arrival'),(355,355,291,'2025-01-31 18:53:55','Failed','Handle with care'),(356,356,59,'2026-01-21 15:06:41','Completed','Gate code 1234'),(357,357,10,'2025-08-29 06:47:57','Completed','Gate code 1234'),(358,358,469,'2025-08-21 16:56:02','In Transit','Handle with care'),(359,359,58,'2025-06-17 11:06:55','In Transit','Handle with care'),(360,360,249,'2025-03-18 09:42:06','In Transit','Gate code 1234'),(361,361,316,'2026-02-04 17:37:37','Completed','Gate code 1234'),(362,362,202,'2025-03-29 06:26:56','In Transit','Gate code 1234'),(363,363,224,'2025-05-12 03:29:52','Completed','Call before arrival'),(364,364,502,'2025-11-15 20:19:51','Failed','Call before arrival'),(365,365,386,'2025-03-31 04:37:43','Failed','Call before arrival'),(366,366,136,'2025-10-05 18:36:21','Failed','Handle with care'),(367,367,361,'2025-08-08 10:15:38','In Transit','Gate code 1234'),(368,368,346,'2025-10-18 03:32:16','In Transit','Gate code 1234'),(369,369,469,'2025-01-25 22:46:45','Completed','Handle with care'),(370,370,244,'2025-09-30 09:36:43','Completed','Call before arrival'),(371,371,6,'2026-01-03 19:29:29','Completed','Handle with care'),(372,372,239,'2025-02-11 20:08:33','Failed','Handle with care'),(373,373,67,'2025-07-03 11:41:28','In Transit','Gate code 1234'),(374,374,501,'2025-07-17 11:46:16','Failed','Handle with care'),(375,375,249,'2025-01-06 18:38:33','Failed','Gate code 1234'),(376,376,133,'2025-10-16 04:32:34','Completed','Gate code 1234'),(377,377,388,'2025-01-15 00:09:17','Failed','Handle with care'),(378,378,5,'2025-06-23 16:10:15','Failed','Gate code 1234'),(379,379,97,'2025-09-04 21:14:18','In Transit','Handle with care'),(380,380,271,'2025-04-29 23:46:59','Failed','Handle with care'),(381,381,240,'2025-12-07 03:52:38','In Transit','Gate code 1234'),(382,382,124,'2025-10-13 16:52:22','Completed','Handle with care'),(383,383,39,'2025-04-02 02:15:48','Completed','Handle with care'),(384,384,74,'2025-07-16 05:21:28','Failed','Call before arrival'),(385,385,294,'2025-04-05 18:53:20','In Transit','Call before arrival'),(386,386,500,'2025-09-08 02:34:27','Completed','Call before arrival'),(387,387,300,'2025-01-10 15:42:11','In Transit','Gate code 1234'),(388,388,23,'2026-01-06 06:43:26','Failed','Handle with care'),(389,389,240,'2025-11-09 15:05:10','In Transit','Gate code 1234'),(390,390,142,'2025-11-09 23:42:39','In Transit','Gate code 1234'),(391,391,97,'2025-12-31 05:42:24','In Transit','Handle with care'),(392,392,397,'2025-10-03 17:29:18','Failed','Call before arrival'),(393,393,140,'2025-10-20 08:22:43','In Transit','Gate code 1234'),(394,394,192,'2025-08-13 12:58:16','In Transit','Call before arrival'),(395,395,316,'2025-09-23 04:50:13','Completed','Gate code 1234'),(396,396,180,'2025-01-18 19:14:15','Completed','Gate code 1234'),(397,397,275,'2025-05-26 07:54:43','Completed','Gate code 1234'),(398,398,240,'2025-02-14 03:11:09','In Transit','Call before arrival'),(399,399,393,'2025-04-06 02:52:48','In Transit','Call before arrival'),(400,400,92,'2025-06-08 01:58:55','In Transit','Call before arrival'),(401,401,325,'2025-02-27 00:49:47','Failed','Handle with care'),(402,402,20,'2025-07-30 00:34:04','In Transit','Handle with care'),(403,403,455,'2025-11-15 23:40:50','Completed','Gate code 1234'),(404,404,50,'2025-09-18 02:10:53','Completed','Call before arrival'),(405,405,263,'2025-10-18 23:03:03','Failed','Gate code 1234'),(406,406,248,'2025-01-29 01:15:54','In Transit','Handle with care'),(407,407,120,'2026-02-01 17:28:28','Failed','Call before arrival'),(408,408,301,'2025-08-14 17:19:13','Failed','Call before arrival'),(409,409,271,'2025-01-26 10:31:20','In Transit','Call before arrival'),(410,410,402,'2025-08-09 21:12:02','Completed','Call before arrival'),(411,411,171,'2025-08-04 22:11:00','Failed','Call before arrival'),(412,412,184,'2025-10-20 18:00:10','Completed','Call before arrival'),(413,413,252,'2025-03-27 19:25:30','Failed','Call before arrival'),(414,414,134,'2025-03-17 15:09:52','Completed','Gate code 1234'),(415,415,474,'2025-03-31 21:08:42','Failed','Handle with care'),(416,416,188,'2025-04-16 20:32:03','Completed','Handle with care'),(417,417,188,'2025-09-07 17:47:39','Completed','Call before arrival'),(418,418,137,'2025-09-19 23:07:43','Completed','Call before arrival'),(419,419,414,'2025-10-16 10:44:34','Completed','Gate code 1234'),(420,420,140,'2025-05-26 20:57:38','In Transit','Handle with care'),(421,421,416,'2026-01-18 17:01:36','In Transit','Gate code 1234'),(422,422,450,'2025-01-20 23:45:08','Completed','Handle with care'),(423,423,60,'2026-01-27 05:24:29','In Transit','Gate code 1234'),(424,424,501,'2025-04-23 05:32:00','Completed','Gate code 1234'),(425,425,218,'2025-10-18 21:44:39','Completed','Gate code 1234'),(426,426,88,'2025-01-14 13:02:48','In Transit','Handle with care'),(427,427,62,'2025-01-16 01:27:39','In Transit','Call before arrival'),(428,428,342,'2025-06-18 18:34:00','Failed','Call before arrival'),(429,429,233,'2025-05-21 02:28:46','Completed','Handle with care'),(430,430,322,'2025-06-08 16:10:08','Failed','Gate code 1234'),(431,431,43,'2025-07-14 23:15:31','Failed','Handle with care'),(432,432,109,'2025-08-07 10:39:33','Completed','Call before arrival'),(433,433,486,'2025-06-01 05:39:16','Failed','Call before arrival'),(434,434,404,'2025-10-12 10:18:47','Completed','Gate code 1234'),(435,435,342,'2026-01-20 21:07:19','Failed','Gate code 1234'),(436,436,223,'2025-05-21 12:14:45','Failed','Gate code 1234'),(437,437,187,'2026-01-09 17:19:16','Failed','Call before arrival'),(438,438,416,'2026-01-16 06:39:59','Completed','Handle with care'),(439,439,96,'2025-06-09 20:30:23','In Transit','Call before arrival'),(440,440,483,'2025-12-18 07:27:07','In Transit','Handle with care'),(441,441,86,'2025-10-18 19:07:48','Completed','Call before arrival'),(442,442,21,'2025-02-25 17:24:04','Completed','Call before arrival'),(443,443,90,'2026-01-03 15:53:15','In Transit','Handle with care'),(444,444,325,'2025-07-27 17:12:51','Failed','Handle with care'),(445,445,254,'2025-02-22 09:00:03','In Transit','Gate code 1234'),(446,446,63,'2025-06-23 23:40:04','In Transit','Handle with care'),(447,447,478,'2025-08-12 20:49:47','Completed','Handle with care'),(448,448,72,'2025-08-22 18:38:25','In Transit','Gate code 1234'),(449,449,302,'2025-03-12 04:57:27','In Transit','Call before arrival'),(450,450,206,'2025-04-13 18:33:53','Completed','Handle with care'),(451,451,102,'2025-04-10 19:42:30','Completed','Handle with care'),(452,452,285,'2025-09-27 05:34:35','In Transit','Call before arrival'),(453,453,297,'2025-06-25 08:36:01','Completed','Gate code 1234'),(454,454,288,'2025-04-27 13:02:35','In Transit','Handle with care'),(455,455,227,'2025-10-27 04:32:56','In Transit','Call before arrival'),(456,456,440,'2025-05-30 21:20:50','In Transit','Call before arrival'),(457,457,157,'2025-03-27 06:41:03','Failed','Handle with care'),(458,458,239,'2025-07-28 18:43:34','In Transit','Call before arrival'),(459,459,207,'2025-06-15 22:27:33','Completed','Gate code 1234'),(460,460,123,'2026-01-17 00:38:35','In Transit','Handle with care'),(461,461,444,'2025-07-02 23:16:09','In Transit','Call before arrival'),(462,462,169,'2025-09-07 03:36:19','Failed','Gate code 1234'),(463,463,411,'2025-01-04 21:07:04','Failed','Call before arrival'),(464,464,244,'2025-02-16 07:30:59','Failed','Handle with care'),(465,465,45,'2025-05-10 00:54:50','Completed','Gate code 1234'),(466,466,502,'2025-05-28 14:34:53','Completed','Call before arrival'),(467,467,399,'2026-02-03 05:47:21','In Transit','Gate code 1234'),(468,468,98,'2026-02-04 22:27:50','Failed','Call before arrival'),(469,469,208,'2025-05-21 15:22:54','Failed','Handle with care'),(470,470,46,'2025-12-03 18:49:33','Failed','Handle with care'),(471,471,137,'2026-01-09 19:20:08','Completed','Handle with care'),(472,472,197,'2026-01-04 21:33:19','Completed','Handle with care'),(473,473,256,'2025-08-21 14:19:22','In Transit','Gate code 1234'),(474,474,302,'2025-09-22 05:55:22','Failed','Gate code 1234'),(475,475,140,'2026-01-19 14:41:31','Completed','Gate code 1234'),(476,476,143,'2025-09-12 16:34:58','Completed','Handle with care'),(477,477,300,'2025-03-17 04:24:41','Failed','Gate code 1234'),(478,478,270,'2025-07-20 10:46:02','Completed','Gate code 1234'),(479,479,127,'2025-07-21 07:16:30','Failed','Call before arrival'),(480,480,450,'2025-01-21 19:11:57','Failed','Call before arrival'),(481,481,212,'2025-06-02 09:23:35','In Transit','Handle with care'),(482,482,356,'2025-08-15 11:11:00','In Transit','Gate code 1234'),(483,483,268,'2025-09-26 12:47:38','Completed','Handle with care'),(484,484,21,'2025-09-21 18:00:35','Completed','Call before arrival'),(485,485,6,'2025-09-29 15:31:29','Failed','Gate code 1234'),(486,486,102,'2025-12-14 20:14:07','In Transit','Handle with care'),(487,487,284,'2026-01-16 01:55:53','In Transit','Gate code 1234'),(488,488,22,'2025-03-14 15:35:33','In Transit','Call before arrival'),(489,489,265,'2025-11-18 06:51:56','Failed','Handle with care'),(490,490,61,'2025-06-15 03:11:49','Completed','Call before arrival'),(491,491,359,'2025-03-25 13:21:47','Failed','Call before arrival'),(492,492,466,'2025-03-06 10:24:41','In Transit','Call before arrival'),(493,493,458,'2025-11-16 06:53:36','In Transit','Call before arrival'),(494,494,491,'2025-09-29 23:09:00','Completed','Call before arrival'),(495,495,186,'2025-02-14 20:35:19','Failed','Gate code 1234'),(496,496,368,'2025-07-08 06:35:24','Failed','Handle with care'),(497,497,400,'2025-02-22 00:54:46','In Transit','Handle with care'),(498,498,234,'2026-01-29 17:10:46','Failed','Call before arrival'),(499,499,311,'2025-06-18 18:02:04','In Transit','Handle with care'),(500,500,46,'2026-02-01 20:31:18','Completed','Call before arrival'),(501,501,317,'2025-11-30 03:43:30','In Transit','Call before arrival'),(502,502,297,'2025-09-01 03:08:07','In Transit','Handle with care'),(503,503,414,'2025-11-29 05:54:23','Failed','Gate code 1234'),(504,504,17,'2026-01-25 11:16:30','Completed','Handle with care'),(505,505,501,'2025-01-07 15:01:39','Completed','Gate code 1234'),(506,506,190,'2025-11-12 10:55:38','Failed','Handle with care'),(507,507,261,'2025-04-19 15:15:17','Failed','Handle with care'),(508,508,17,'2025-10-29 03:46:15','In Transit','Gate code 1234'),(509,509,41,'2025-04-21 19:00:46','Failed','Call before arrival'),(510,510,138,'2026-01-15 22:19:35','Completed','Handle with care');
/*!40000 ALTER TABLE `deliveries` ENABLE KEYS */;
UNLOCK TABLES;
/*!50003 SET @saved_cs_client      = @@character_set_client */ ;
/*!50003 SET @saved_cs_results     = @@character_set_results */ ;
/*!50003 SET @saved_col_connection = @@collation_connection */ ;
/*!50003 SET character_set_client  = utf8mb4 */ ;
/*!50003 SET character_set_results = utf8mb4 */ ;
/*!50003 SET collation_connection  = utf8mb4_0900_ai_ci */ ;
/*!50003 SET @saved_sql_mode       = @@sql_mode */ ;
/*!50003 SET sql_mode              = 'ONLY_FULL_GROUP_BY,STRICT_TRANS_TABLES,NO_ZERO_IN_DATE,NO_ZERO_DATE,ERROR_FOR_DIVISION_BY_ZERO,NO_ENGINE_SUBSTITUTION' */ ;
DELIMITER ;;
/*!50003 CREATE*/ /*!50017 DEFINER=`root`@`localhost`*/ /*!50003 TRIGGER `trg_update_order_on_delivery` AFTER UPDATE ON `deliveries` FOR EACH ROW BEGIN
    IF NEW.Delivery_Status = 'Completed' THEN
        UPDATE Orders SET Status = 'Delivered'
        WHERE Order_ID = NEW.Order_ID;
    END IF;
END */;;
DELIMITER ;
/*!50003 SET sql_mode              = @saved_sql_mode */ ;
/*!50003 SET character_set_client  = @saved_cs_client */ ;
/*!50003 SET character_set_results = @saved_cs_results */ ;
/*!50003 SET collation_connection  = @saved_col_connection */ ;

--
-- Table structure for table `expenses`
--

DROP TABLE IF EXISTS `expenses`;
/*!40101 SET @saved_cs_client     = @@character_set_client */;
/*!50503 SET character_set_client = utf8mb4 */;
CREATE TABLE `expenses` (
  `Expense_ID` int NOT NULL AUTO_INCREMENT,
  `Delivery_ID` int NOT NULL,
  `Expense_Type` enum('Fuel','Toll Fee','Parking','Loading','Other') NOT NULL,
  `Amount` decimal(15,2) NOT NULL,
  `Recorded_At` timestamp NULL DEFAULT CURRENT_TIMESTAMP,
  PRIMARY KEY (`Expense_ID`),
  KEY `Delivery_ID` (`Delivery_ID`),
  CONSTRAINT `expenses_ibfk_1` FOREIGN KEY (`Delivery_ID`) REFERENCES `deliveries` (`Delivery_ID`) ON DELETE CASCADE
) ENGINE=InnoDB AUTO_INCREMENT=511 DEFAULT CHARSET=utf8mb4 COLLATE=utf8mb4_0900_ai_ci;
/*!40101 SET character_set_client = @saved_cs_client */;

--
-- Dumping data for table `expenses`
--

LOCK TABLES `expenses` WRITE;
/*!40000 ALTER TABLE `expenses` DISABLE KEYS */;
INSERT INTO `expenses` VALUES (1,445,'Toll Fee',30000.00,'2026-04-05 04:26:10'),(2,209,'Toll Fee',20000.00,'2026-04-05 04:26:10'),(3,340,'Toll Fee',193000.00,'2026-04-05 04:26:10'),(4,17,'Fuel',136000.00,'2026-04-05 04:26:10'),(5,284,'Parking',52000.00,'2026-04-05 04:26:10'),(6,152,'Parking',171000.00,'2026-04-05 04:26:10'),(7,262,'Fuel',39000.00,'2026-04-05 04:26:10'),(8,361,'Toll Fee',49000.00,'2026-04-05 04:26:10'),(9,19,'Parking',143000.00,'2026-04-05 04:26:10'),(10,495,'Toll Fee',96000.00,'2026-04-05 04:26:10'),(11,141,'Parking',72000.00,'2026-04-05 04:26:10'),(12,333,'Toll Fee',137000.00,'2026-04-05 04:26:10'),(13,274,'Toll Fee',84000.00,'2026-04-05 04:26:10'),(14,11,'Toll Fee',137000.00,'2026-04-05 04:26:10'),(15,214,'Parking',95000.00,'2026-04-05 04:26:10'),(16,65,'Parking',64000.00,'2026-04-05 04:26:10'),(17,55,'Parking',138000.00,'2026-04-05 04:26:10'),(18,371,'Parking',182000.00,'2026-04-05 04:26:10'),(19,501,'Fuel',52000.00,'2026-04-05 04:26:10'),(20,8,'Parking',119000.00,'2026-04-05 04:26:10'),(21,134,'Parking',75000.00,'2026-04-05 04:26:10'),(22,65,'Fuel',96000.00,'2026-04-05 04:26:10'),(23,235,'Toll Fee',109000.00,'2026-04-05 04:26:10'),(24,19,'Parking',102000.00,'2026-04-05 04:26:10'),(25,408,'Fuel',30000.00,'2026-04-05 04:26:10'),(26,110,'Toll Fee',153000.00,'2026-04-05 04:26:10'),(27,251,'Toll Fee',92000.00,'2026-04-05 04:26:10'),(28,356,'Fuel',53000.00,'2026-04-05 04:26:10'),(29,436,'Toll Fee',192000.00,'2026-04-05 04:26:10'),(30,94,'Fuel',73000.00,'2026-04-05 04:26:10'),(31,437,'Toll Fee',62000.00,'2026-04-05 04:26:10'),(32,111,'Parking',98000.00,'2026-04-05 04:26:10'),(33,250,'Toll Fee',113000.00,'2026-04-05 04:26:10'),(34,122,'Parking',136000.00,'2026-04-05 04:26:10'),(35,157,'Toll Fee',185000.00,'2026-04-05 04:26:10'),(36,238,'Parking',25000.00,'2026-04-05 04:26:10'),(37,503,'Parking',73000.00,'2026-04-05 04:26:10'),(38,447,'Fuel',177000.00,'2026-04-05 04:26:10'),(39,352,'Toll Fee',29000.00,'2026-04-05 04:26:10'),(40,46,'Toll Fee',103000.00,'2026-04-05 04:26:10'),(41,191,'Parking',77000.00,'2026-04-05 04:26:10'),(42,357,'Fuel',102000.00,'2026-04-05 04:26:10'),(43,416,'Toll Fee',125000.00,'2026-04-05 04:26:10'),(44,237,'Parking',128000.00,'2026-04-05 04:26:10'),(45,311,'Toll Fee',39000.00,'2026-04-05 04:26:10'),(46,373,'Parking',176000.00,'2026-04-05 04:26:10'),(47,312,'Toll Fee',147000.00,'2026-04-05 04:26:10'),(48,395,'Fuel',139000.00,'2026-04-05 04:26:10'),(49,142,'Fuel',198000.00,'2026-04-05 04:26:10'),(50,493,'Fuel',27000.00,'2026-04-05 04:26:10'),(51,66,'Fuel',165000.00,'2026-04-05 04:26:10'),(52,272,'Fuel',159000.00,'2026-04-05 04:26:10'),(53,320,'Toll Fee',169000.00,'2026-04-05 04:26:10'),(54,193,'Parking',182000.00,'2026-04-05 04:26:10'),(55,54,'Toll Fee',72000.00,'2026-04-05 04:26:10'),(56,54,'Fuel',172000.00,'2026-04-05 04:26:10'),(57,135,'Fuel',61000.00,'2026-04-05 04:26:10'),(58,431,'Parking',49000.00,'2026-04-05 04:26:10'),(59,453,'Parking',60000.00,'2026-04-05 04:26:10'),(60,183,'Parking',117000.00,'2026-04-05 04:26:10'),(61,423,'Parking',156000.00,'2026-04-05 04:26:10'),(62,302,'Toll Fee',81000.00,'2026-04-05 04:26:10'),(63,366,'Fuel',162000.00,'2026-04-05 04:26:10'),(64,194,'Fuel',134000.00,'2026-04-05 04:26:10'),(65,283,'Parking',156000.00,'2026-04-05 04:26:10'),(66,272,'Parking',141000.00,'2026-04-05 04:26:10'),(67,283,'Fuel',187000.00,'2026-04-05 04:26:10'),(68,169,'Fuel',29000.00,'2026-04-05 04:26:10'),(69,351,'Parking',22000.00,'2026-04-05 04:26:10'),(70,279,'Toll Fee',135000.00,'2026-04-05 04:26:10'),(71,435,'Toll Fee',110000.00,'2026-04-05 04:26:10'),(72,445,'Toll Fee',175000.00,'2026-04-05 04:26:10'),(73,194,'Fuel',81000.00,'2026-04-05 04:26:10'),(74,68,'Fuel',91000.00,'2026-04-05 04:26:10'),(75,485,'Fuel',139000.00,'2026-04-05 04:26:10'),(76,150,'Fuel',176000.00,'2026-04-05 04:26:10'),(77,395,'Toll Fee',20000.00,'2026-04-05 04:26:10'),(78,29,'Fuel',152000.00,'2026-04-05 04:26:10'),(79,22,'Toll Fee',80000.00,'2026-04-05 04:26:10'),(80,210,'Parking',73000.00,'2026-04-05 04:26:10'),(81,383,'Parking',34000.00,'2026-04-05 04:26:10'),(82,304,'Toll Fee',111000.00,'2026-04-05 04:26:10'),(83,11,'Parking',30000.00,'2026-04-05 04:26:10'),(84,290,'Fuel',160000.00,'2026-04-05 04:26:10'),(85,472,'Toll Fee',58000.00,'2026-04-05 04:26:10'),(86,373,'Toll Fee',84000.00,'2026-04-05 04:26:10'),(87,403,'Toll Fee',148000.00,'2026-04-05 04:26:10'),(88,272,'Toll Fee',59000.00,'2026-04-05 04:26:10'),(89,170,'Toll Fee',180000.00,'2026-04-05 04:26:10'),(90,78,'Parking',73000.00,'2026-04-05 04:26:10'),(91,56,'Toll Fee',187000.00,'2026-04-05 04:26:10'),(92,484,'Fuel',152000.00,'2026-04-05 04:26:10'),(93,214,'Fuel',141000.00,'2026-04-05 04:26:10'),(94,148,'Fuel',85000.00,'2026-04-05 04:26:10'),(95,193,'Fuel',125000.00,'2026-04-05 04:26:10'),(96,14,'Parking',85000.00,'2026-04-05 04:26:10'),(97,424,'Fuel',105000.00,'2026-04-05 04:26:10'),(98,322,'Fuel',138000.00,'2026-04-05 04:26:10'),(99,115,'Toll Fee',198000.00,'2026-04-05 04:26:10'),(100,278,'Toll Fee',136000.00,'2026-04-05 04:26:10'),(101,396,'Parking',96000.00,'2026-04-05 04:26:10'),(102,263,'Parking',99000.00,'2026-04-05 04:26:10'),(103,151,'Parking',175000.00,'2026-04-05 04:26:10'),(104,446,'Toll Fee',77000.00,'2026-04-05 04:26:10'),(105,328,'Toll Fee',107000.00,'2026-04-05 04:26:10'),(106,109,'Fuel',132000.00,'2026-04-05 04:26:10'),(107,32,'Parking',160000.00,'2026-04-05 04:26:10'),(108,329,'Toll Fee',36000.00,'2026-04-05 04:26:10'),(109,489,'Parking',150000.00,'2026-04-05 04:26:10'),(110,277,'Parking',150000.00,'2026-04-05 04:26:10'),(111,53,'Toll Fee',47000.00,'2026-04-05 04:26:10'),(112,457,'Fuel',91000.00,'2026-04-05 04:26:10'),(113,328,'Toll Fee',111000.00,'2026-04-05 04:26:10'),(114,261,'Parking',170000.00,'2026-04-05 04:26:10'),(115,399,'Toll Fee',98000.00,'2026-04-05 04:26:10'),(116,13,'Toll Fee',55000.00,'2026-04-05 04:26:10'),(117,37,'Fuel',185000.00,'2026-04-05 04:26:11'),(118,241,'Toll Fee',69000.00,'2026-04-05 04:26:11'),(119,478,'Toll Fee',150000.00,'2026-04-05 04:26:11'),(120,319,'Fuel',94000.00,'2026-04-05 04:26:11'),(121,182,'Toll Fee',35000.00,'2026-04-05 04:26:11'),(122,16,'Toll Fee',155000.00,'2026-04-05 04:26:11'),(123,407,'Toll Fee',137000.00,'2026-04-05 04:26:11'),(124,173,'Parking',71000.00,'2026-04-05 04:26:11'),(125,436,'Toll Fee',47000.00,'2026-04-05 04:26:11'),(126,280,'Parking',95000.00,'2026-04-05 04:26:11'),(127,493,'Parking',198000.00,'2026-04-05 04:26:11'),(128,100,'Parking',40000.00,'2026-04-05 04:26:11'),(129,471,'Toll Fee',30000.00,'2026-04-05 04:26:11'),(130,208,'Fuel',200000.00,'2026-04-05 04:26:11'),(131,45,'Toll Fee',34000.00,'2026-04-05 04:26:11'),(132,259,'Toll Fee',21000.00,'2026-04-05 04:26:11'),(133,278,'Parking',104000.00,'2026-04-05 04:26:11'),(134,169,'Parking',85000.00,'2026-04-05 04:26:11'),(135,243,'Fuel',20000.00,'2026-04-05 04:26:11'),(136,142,'Fuel',31000.00,'2026-04-05 04:26:11'),(137,287,'Toll Fee',150000.00,'2026-04-05 04:26:11'),(138,494,'Toll Fee',42000.00,'2026-04-05 04:26:11'),(139,391,'Fuel',179000.00,'2026-04-05 04:26:11'),(140,141,'Parking',32000.00,'2026-04-05 04:26:11'),(141,470,'Parking',157000.00,'2026-04-05 04:26:11'),(142,319,'Parking',138000.00,'2026-04-05 04:26:11'),(143,227,'Parking',159000.00,'2026-04-05 04:26:11'),(144,181,'Parking',61000.00,'2026-04-05 04:26:11'),(145,238,'Toll Fee',145000.00,'2026-04-05 04:26:11'),(146,260,'Parking',149000.00,'2026-04-05 04:26:11'),(147,475,'Parking',55000.00,'2026-04-05 04:26:11'),(148,177,'Fuel',150000.00,'2026-04-05 04:26:11'),(149,310,'Toll Fee',165000.00,'2026-04-05 04:26:11'),(150,59,'Toll Fee',77000.00,'2026-04-05 04:26:11'),(151,370,'Fuel',60000.00,'2026-04-05 04:26:11'),(152,447,'Fuel',126000.00,'2026-04-05 04:26:11'),(153,171,'Parking',119000.00,'2026-04-05 04:26:11'),(154,181,'Fuel',131000.00,'2026-04-05 04:26:11'),(155,19,'Fuel',170000.00,'2026-04-05 04:26:11'),(156,376,'Parking',145000.00,'2026-04-05 04:26:11'),(157,476,'Toll Fee',77000.00,'2026-04-05 04:26:11'),(158,482,'Parking',166000.00,'2026-04-05 04:26:11'),(159,117,'Toll Fee',82000.00,'2026-04-05 04:26:11'),(160,26,'Parking',111000.00,'2026-04-05 04:26:11'),(161,488,'Fuel',108000.00,'2026-04-05 04:26:11'),(162,30,'Parking',142000.00,'2026-04-05 04:26:11'),(163,157,'Toll Fee',83000.00,'2026-04-05 04:26:11'),(164,145,'Toll Fee',65000.00,'2026-04-05 04:26:11'),(165,475,'Fuel',137000.00,'2026-04-05 04:26:11'),(166,357,'Toll Fee',41000.00,'2026-04-05 04:26:11'),(167,383,'Fuel',155000.00,'2026-04-05 04:26:11'),(168,178,'Toll Fee',158000.00,'2026-04-05 04:26:11'),(169,295,'Fuel',141000.00,'2026-04-05 04:26:11'),(170,184,'Fuel',82000.00,'2026-04-05 04:26:11'),(171,465,'Fuel',83000.00,'2026-04-05 04:26:11'),(172,226,'Parking',101000.00,'2026-04-05 04:26:11'),(173,146,'Toll Fee',145000.00,'2026-04-05 04:26:11'),(174,265,'Toll Fee',122000.00,'2026-04-05 04:26:11'),(175,141,'Toll Fee',122000.00,'2026-04-05 04:26:11'),(176,492,'Parking',84000.00,'2026-04-05 04:26:11'),(177,485,'Toll Fee',195000.00,'2026-04-05 04:26:11'),(178,102,'Parking',187000.00,'2026-04-05 04:26:11'),(179,491,'Toll Fee',151000.00,'2026-04-05 04:26:11'),(180,421,'Toll Fee',173000.00,'2026-04-05 04:26:11'),(181,152,'Fuel',200000.00,'2026-04-05 04:26:11'),(182,167,'Parking',63000.00,'2026-04-05 04:26:11'),(183,477,'Fuel',132000.00,'2026-04-05 04:26:11'),(184,412,'Fuel',114000.00,'2026-04-05 04:26:11'),(185,145,'Fuel',65000.00,'2026-04-05 04:26:11'),(186,484,'Parking',99000.00,'2026-04-05 04:26:11'),(187,263,'Toll Fee',29000.00,'2026-04-05 04:26:11'),(188,35,'Fuel',66000.00,'2026-04-05 04:26:11'),(189,91,'Parking',79000.00,'2026-04-05 04:26:11'),(190,187,'Fuel',36000.00,'2026-04-05 04:26:11'),(191,497,'Toll Fee',46000.00,'2026-04-05 04:26:11'),(192,399,'Fuel',138000.00,'2026-04-05 04:26:11'),(193,269,'Fuel',112000.00,'2026-04-05 04:26:11'),(194,75,'Toll Fee',70000.00,'2026-04-05 04:26:11'),(195,81,'Parking',115000.00,'2026-04-05 04:26:11'),(196,15,'Fuel',72000.00,'2026-04-05 04:26:11'),(197,124,'Toll Fee',197000.00,'2026-04-05 04:26:11'),(198,283,'Parking',29000.00,'2026-04-05 04:26:11'),(199,184,'Fuel',119000.00,'2026-04-05 04:26:11'),(200,198,'Toll Fee',192000.00,'2026-04-05 04:26:11'),(201,352,'Toll Fee',88000.00,'2026-04-05 04:26:11'),(202,197,'Parking',61000.00,'2026-04-05 04:26:11'),(203,441,'Fuel',199000.00,'2026-04-05 04:26:11'),(204,201,'Parking',148000.00,'2026-04-05 04:26:11'),(205,423,'Toll Fee',143000.00,'2026-04-05 04:26:11'),(206,182,'Parking',168000.00,'2026-04-05 04:26:11'),(207,465,'Fuel',195000.00,'2026-04-05 04:26:11'),(208,492,'Fuel',38000.00,'2026-04-05 04:26:11'),(209,52,'Parking',172000.00,'2026-04-05 04:26:11'),(210,85,'Toll Fee',97000.00,'2026-04-05 04:26:11'),(211,86,'Toll Fee',22000.00,'2026-04-05 04:26:11'),(212,77,'Fuel',189000.00,'2026-04-05 04:26:11'),(213,500,'Parking',190000.00,'2026-04-05 04:26:11'),(214,72,'Toll Fee',31000.00,'2026-04-05 04:26:11'),(215,38,'Toll Fee',138000.00,'2026-04-05 04:26:11'),(216,30,'Fuel',55000.00,'2026-04-05 04:26:11'),(217,441,'Toll Fee',68000.00,'2026-04-05 04:26:11'),(218,420,'Fuel',92000.00,'2026-04-05 04:26:11'),(219,460,'Toll Fee',44000.00,'2026-04-05 04:26:11'),(220,298,'Toll Fee',51000.00,'2026-04-05 04:26:11'),(221,125,'Toll Fee',26000.00,'2026-04-05 04:26:11'),(222,140,'Parking',68000.00,'2026-04-05 04:26:11'),(223,372,'Toll Fee',88000.00,'2026-04-05 04:26:11'),(224,384,'Fuel',161000.00,'2026-04-05 04:26:11'),(225,451,'Fuel',24000.00,'2026-04-05 04:26:11'),(226,451,'Fuel',64000.00,'2026-04-05 04:26:11'),(227,499,'Toll Fee',126000.00,'2026-04-05 04:26:11'),(228,345,'Toll Fee',198000.00,'2026-04-05 04:26:11'),(229,61,'Fuel',46000.00,'2026-04-05 04:26:11'),(230,197,'Toll Fee',102000.00,'2026-04-05 04:26:11'),(231,340,'Toll Fee',99000.00,'2026-04-05 04:26:11'),(232,486,'Parking',153000.00,'2026-04-05 04:26:11'),(233,99,'Toll Fee',61000.00,'2026-04-05 04:26:11'),(234,224,'Fuel',121000.00,'2026-04-05 04:26:11'),(235,5,'Fuel',63000.00,'2026-04-05 04:26:11'),(236,53,'Toll Fee',83000.00,'2026-04-05 04:26:11'),(237,1,'Parking',62000.00,'2026-04-05 04:26:11'),(238,284,'Parking',100000.00,'2026-04-05 04:26:11'),(239,294,'Toll Fee',192000.00,'2026-04-05 04:26:11'),(240,480,'Parking',74000.00,'2026-04-05 04:26:11'),(241,265,'Parking',115000.00,'2026-04-05 04:26:11'),(242,199,'Fuel',157000.00,'2026-04-05 04:26:11'),(243,372,'Toll Fee',112000.00,'2026-04-05 04:26:11'),(244,117,'Parking',106000.00,'2026-04-05 04:26:11'),(245,335,'Parking',143000.00,'2026-04-05 04:26:11'),(246,202,'Parking',105000.00,'2026-04-05 04:26:11'),(247,371,'Fuel',105000.00,'2026-04-05 04:26:11'),(248,364,'Parking',121000.00,'2026-04-05 04:26:11'),(249,136,'Parking',179000.00,'2026-04-05 04:26:11'),(250,333,'Parking',159000.00,'2026-04-05 04:26:11'),(251,252,'Toll Fee',113000.00,'2026-04-05 04:26:11'),(252,378,'Parking',178000.00,'2026-04-05 04:26:11'),(253,295,'Fuel',171000.00,'2026-04-05 04:26:11'),(254,111,'Fuel',73000.00,'2026-04-05 04:26:11'),(255,342,'Fuel',56000.00,'2026-04-05 04:26:11'),(256,460,'Toll Fee',36000.00,'2026-04-05 04:26:11'),(257,187,'Toll Fee',157000.00,'2026-04-05 04:26:11'),(258,348,'Toll Fee',85000.00,'2026-04-05 04:26:11'),(259,187,'Toll Fee',147000.00,'2026-04-05 04:26:11'),(260,439,'Toll Fee',123000.00,'2026-04-05 04:26:11'),(261,387,'Toll Fee',193000.00,'2026-04-05 04:26:11'),(262,410,'Fuel',35000.00,'2026-04-05 04:26:11'),(263,322,'Fuel',69000.00,'2026-04-05 04:26:11'),(264,160,'Toll Fee',145000.00,'2026-04-05 04:26:11'),(265,353,'Fuel',59000.00,'2026-04-05 04:26:11'),(266,461,'Parking',114000.00,'2026-04-05 04:26:11'),(267,271,'Fuel',144000.00,'2026-04-05 04:26:11'),(268,143,'Toll Fee',89000.00,'2026-04-05 04:26:11'),(269,365,'Parking',51000.00,'2026-04-05 04:26:11'),(270,243,'Parking',155000.00,'2026-04-05 04:26:11'),(271,227,'Fuel',168000.00,'2026-04-05 04:26:11'),(272,180,'Parking',76000.00,'2026-04-05 04:26:11'),(273,488,'Toll Fee',152000.00,'2026-04-05 04:26:11'),(274,462,'Toll Fee',139000.00,'2026-04-05 04:26:11'),(275,15,'Parking',46000.00,'2026-04-05 04:26:11'),(276,114,'Fuel',127000.00,'2026-04-05 04:26:11'),(277,425,'Fuel',103000.00,'2026-04-05 04:26:11'),(278,218,'Fuel',110000.00,'2026-04-05 04:26:11'),(279,89,'Fuel',194000.00,'2026-04-05 04:26:11'),(280,461,'Fuel',132000.00,'2026-04-05 04:26:11'),(281,162,'Fuel',182000.00,'2026-04-05 04:26:11'),(282,252,'Fuel',130000.00,'2026-04-05 04:26:11'),(283,55,'Parking',176000.00,'2026-04-05 04:26:11'),(284,155,'Toll Fee',131000.00,'2026-04-05 04:26:11'),(285,163,'Parking',166000.00,'2026-04-05 04:26:11'),(286,293,'Toll Fee',164000.00,'2026-04-05 04:26:11'),(287,406,'Parking',168000.00,'2026-04-05 04:26:11'),(288,202,'Toll Fee',181000.00,'2026-04-05 04:26:11'),(289,49,'Toll Fee',50000.00,'2026-04-05 04:26:11'),(290,476,'Parking',120000.00,'2026-04-05 04:26:11'),(291,328,'Fuel',88000.00,'2026-04-05 04:26:11'),(292,54,'Parking',71000.00,'2026-04-05 04:26:11'),(293,194,'Parking',28000.00,'2026-04-05 04:26:11'),(294,185,'Fuel',195000.00,'2026-04-05 04:26:11'),(295,286,'Toll Fee',42000.00,'2026-04-05 04:26:11'),(296,82,'Toll Fee',33000.00,'2026-04-05 04:26:11'),(297,175,'Toll Fee',87000.00,'2026-04-05 04:26:11'),(298,3,'Toll Fee',114000.00,'2026-04-05 04:26:11'),(299,212,'Parking',162000.00,'2026-04-05 04:26:11'),(300,306,'Parking',21000.00,'2026-04-05 04:26:11'),(301,196,'Parking',186000.00,'2026-04-05 04:26:11'),(302,143,'Toll Fee',49000.00,'2026-04-05 04:26:11'),(303,478,'Parking',58000.00,'2026-04-05 04:26:11'),(304,151,'Parking',61000.00,'2026-04-05 04:26:11'),(305,71,'Toll Fee',146000.00,'2026-04-05 04:26:11'),(306,370,'Toll Fee',198000.00,'2026-04-05 04:26:11'),(307,126,'Parking',130000.00,'2026-04-05 04:26:11'),(308,443,'Toll Fee',174000.00,'2026-04-05 04:26:11'),(309,64,'Fuel',114000.00,'2026-04-05 04:26:11'),(310,14,'Parking',97000.00,'2026-04-05 04:26:11'),(311,123,'Toll Fee',82000.00,'2026-04-05 04:26:11'),(312,321,'Parking',152000.00,'2026-04-05 04:26:11'),(313,446,'Parking',68000.00,'2026-04-05 04:26:11'),(314,395,'Fuel',145000.00,'2026-04-05 04:26:11'),(315,115,'Parking',185000.00,'2026-04-05 04:26:11'),(316,373,'Fuel',73000.00,'2026-04-05 04:26:11'),(317,238,'Toll Fee',35000.00,'2026-04-05 04:26:11'),(318,297,'Parking',26000.00,'2026-04-05 04:26:11'),(319,175,'Parking',133000.00,'2026-04-05 04:26:11'),(320,266,'Parking',192000.00,'2026-04-05 04:26:11'),(321,467,'Parking',126000.00,'2026-04-05 04:26:11'),(322,27,'Toll Fee',178000.00,'2026-04-05 04:26:11'),(323,279,'Toll Fee',183000.00,'2026-04-05 04:26:11'),(324,125,'Toll Fee',66000.00,'2026-04-05 04:26:11'),(325,485,'Fuel',160000.00,'2026-04-05 04:26:11'),(326,324,'Parking',99000.00,'2026-04-05 04:26:11'),(327,44,'Fuel',28000.00,'2026-04-05 04:26:11'),(328,295,'Parking',61000.00,'2026-04-05 04:26:11'),(329,183,'Fuel',115000.00,'2026-04-05 04:26:11'),(330,473,'Fuel',68000.00,'2026-04-05 04:26:11'),(331,373,'Toll Fee',172000.00,'2026-04-05 04:26:11'),(332,103,'Fuel',128000.00,'2026-04-05 04:26:11'),(333,96,'Parking',197000.00,'2026-04-05 04:26:11'),(334,44,'Toll Fee',84000.00,'2026-04-05 04:26:11'),(335,144,'Fuel',90000.00,'2026-04-05 04:26:11'),(336,273,'Fuel',90000.00,'2026-04-05 04:26:11'),(337,419,'Parking',105000.00,'2026-04-05 04:26:11'),(338,508,'Toll Fee',163000.00,'2026-04-05 04:26:11'),(339,91,'Toll Fee',193000.00,'2026-04-05 04:26:11'),(340,14,'Toll Fee',65000.00,'2026-04-05 04:26:11'),(341,48,'Fuel',50000.00,'2026-04-05 04:26:11'),(342,319,'Fuel',193000.00,'2026-04-05 04:26:11'),(343,214,'Parking',198000.00,'2026-04-05 04:26:11'),(344,437,'Toll Fee',47000.00,'2026-04-05 04:26:11'),(345,227,'Toll Fee',185000.00,'2026-04-05 04:26:11'),(346,260,'Toll Fee',154000.00,'2026-04-05 04:26:11'),(347,191,'Parking',129000.00,'2026-04-05 04:26:11'),(348,397,'Toll Fee',122000.00,'2026-04-05 04:26:11'),(349,140,'Fuel',107000.00,'2026-04-05 04:26:11'),(350,298,'Fuel',49000.00,'2026-04-05 04:26:11'),(351,239,'Parking',130000.00,'2026-04-05 04:26:11'),(352,428,'Toll Fee',41000.00,'2026-04-05 04:26:11'),(353,291,'Parking',138000.00,'2026-04-05 04:26:11'),(354,396,'Fuel',157000.00,'2026-04-05 04:26:11'),(355,103,'Toll Fee',22000.00,'2026-04-05 04:26:11'),(356,61,'Parking',143000.00,'2026-04-05 04:26:11'),(357,77,'Parking',105000.00,'2026-04-05 04:26:11'),(358,268,'Parking',95000.00,'2026-04-05 04:26:11'),(359,203,'Parking',199000.00,'2026-04-05 04:26:11'),(360,128,'Fuel',71000.00,'2026-04-05 04:26:11'),(361,386,'Fuel',61000.00,'2026-04-05 04:26:11'),(362,74,'Fuel',36000.00,'2026-04-05 04:26:11'),(363,68,'Toll Fee',68000.00,'2026-04-05 04:26:11'),(364,218,'Parking',187000.00,'2026-04-05 04:26:11'),(365,318,'Parking',145000.00,'2026-04-05 04:26:11'),(366,172,'Toll Fee',121000.00,'2026-04-05 04:26:11'),(367,151,'Toll Fee',149000.00,'2026-04-05 04:26:11'),(368,397,'Parking',45000.00,'2026-04-05 04:26:11'),(369,53,'Fuel',97000.00,'2026-04-05 04:26:11'),(370,212,'Parking',161000.00,'2026-04-05 04:26:11'),(371,162,'Toll Fee',82000.00,'2026-04-05 04:26:11'),(372,250,'Toll Fee',114000.00,'2026-04-05 04:26:11'),(373,176,'Fuel',35000.00,'2026-04-05 04:26:11'),(374,382,'Parking',133000.00,'2026-04-05 04:26:11'),(375,114,'Fuel',104000.00,'2026-04-05 04:26:11'),(376,433,'Toll Fee',175000.00,'2026-04-05 04:26:11'),(377,31,'Parking',173000.00,'2026-04-05 04:26:11'),(378,403,'Parking',170000.00,'2026-04-05 04:26:11'),(379,400,'Parking',97000.00,'2026-04-05 04:26:11'),(380,193,'Toll Fee',49000.00,'2026-04-05 04:26:11'),(381,469,'Parking',85000.00,'2026-04-05 04:26:11'),(382,273,'Fuel',141000.00,'2026-04-05 04:26:11'),(383,86,'Toll Fee',195000.00,'2026-04-05 04:26:11'),(384,298,'Toll Fee',57000.00,'2026-04-05 04:26:11'),(385,80,'Toll Fee',189000.00,'2026-04-05 04:26:11'),(386,351,'Fuel',119000.00,'2026-04-05 04:26:11'),(387,155,'Fuel',168000.00,'2026-04-05 04:26:11'),(388,248,'Parking',56000.00,'2026-04-05 04:26:11'),(389,304,'Parking',168000.00,'2026-04-05 04:26:11'),(390,434,'Parking',196000.00,'2026-04-05 04:26:11'),(391,374,'Parking',24000.00,'2026-04-05 04:26:11'),(392,468,'Toll Fee',33000.00,'2026-04-05 04:26:11'),(393,185,'Parking',22000.00,'2026-04-05 04:26:11'),(394,20,'Toll Fee',111000.00,'2026-04-05 04:26:11'),(395,326,'Toll Fee',26000.00,'2026-04-05 04:26:11'),(396,420,'Fuel',125000.00,'2026-04-05 04:26:11'),(397,139,'Fuel',62000.00,'2026-04-05 04:26:11'),(398,228,'Toll Fee',58000.00,'2026-04-05 04:26:11'),(399,226,'Fuel',102000.00,'2026-04-05 04:26:11'),(400,100,'Toll Fee',160000.00,'2026-04-05 04:26:11'),(401,509,'Toll Fee',33000.00,'2026-04-05 04:26:11'),(402,462,'Toll Fee',177000.00,'2026-04-05 04:26:11'),(403,93,'Toll Fee',39000.00,'2026-04-05 04:26:11'),(404,18,'Toll Fee',136000.00,'2026-04-05 04:26:12'),(405,444,'Parking',181000.00,'2026-04-05 04:26:12'),(406,362,'Fuel',105000.00,'2026-04-05 04:26:12'),(407,407,'Parking',190000.00,'2026-04-05 04:26:12'),(408,387,'Parking',126000.00,'2026-04-05 04:26:12'),(409,206,'Toll Fee',107000.00,'2026-04-05 04:26:12'),(410,257,'Parking',41000.00,'2026-04-05 04:26:12'),(411,133,'Parking',28000.00,'2026-04-05 04:26:12'),(412,382,'Fuel',106000.00,'2026-04-05 04:26:12'),(413,205,'Toll Fee',162000.00,'2026-04-05 04:26:12'),(414,393,'Parking',44000.00,'2026-04-05 04:26:12'),(415,229,'Parking',26000.00,'2026-04-05 04:26:12'),(416,158,'Fuel',35000.00,'2026-04-05 04:26:12'),(417,411,'Toll Fee',180000.00,'2026-04-05 04:26:12'),(418,8,'Fuel',62000.00,'2026-04-05 04:26:12'),(419,302,'Fuel',193000.00,'2026-04-05 04:26:12'),(420,111,'Parking',123000.00,'2026-04-05 04:26:12'),(421,156,'Parking',123000.00,'2026-04-05 04:26:12'),(422,79,'Toll Fee',36000.00,'2026-04-05 04:26:12'),(423,56,'Parking',160000.00,'2026-04-05 04:26:12'),(424,50,'Fuel',77000.00,'2026-04-05 04:26:12'),(425,33,'Toll Fee',173000.00,'2026-04-05 04:26:12'),(426,383,'Toll Fee',25000.00,'2026-04-05 04:26:12'),(427,327,'Toll Fee',100000.00,'2026-04-05 04:26:12'),(428,192,'Parking',151000.00,'2026-04-05 04:26:12'),(429,430,'Fuel',180000.00,'2026-04-05 04:26:12'),(430,343,'Toll Fee',161000.00,'2026-04-05 04:26:12'),(431,65,'Parking',161000.00,'2026-04-05 04:26:12'),(432,103,'Fuel',173000.00,'2026-04-05 04:26:12'),(433,121,'Parking',32000.00,'2026-04-05 04:26:12'),(434,263,'Parking',42000.00,'2026-04-05 04:26:12'),(435,460,'Parking',32000.00,'2026-04-05 04:26:12'),(436,374,'Toll Fee',129000.00,'2026-04-05 04:26:12'),(437,329,'Parking',195000.00,'2026-04-05 04:26:12'),(438,280,'Fuel',190000.00,'2026-04-05 04:26:12'),(439,399,'Fuel',147000.00,'2026-04-05 04:26:12'),(440,233,'Toll Fee',49000.00,'2026-04-05 04:26:12'),(441,95,'Parking',66000.00,'2026-04-05 04:26:12'),(442,160,'Parking',157000.00,'2026-04-05 04:26:12'),(443,178,'Fuel',42000.00,'2026-04-05 04:26:12'),(444,390,'Parking',96000.00,'2026-04-05 04:26:12'),(445,360,'Fuel',176000.00,'2026-04-05 04:26:12'),(446,6,'Fuel',53000.00,'2026-04-05 04:26:12'),(447,382,'Toll Fee',89000.00,'2026-04-05 04:26:12'),(448,405,'Parking',34000.00,'2026-04-05 04:26:12'),(449,316,'Parking',191000.00,'2026-04-05 04:26:12'),(450,346,'Fuel',106000.00,'2026-04-05 04:26:12'),(451,275,'Toll Fee',29000.00,'2026-04-05 04:26:12'),(452,370,'Parking',117000.00,'2026-04-05 04:26:12'),(453,216,'Toll Fee',111000.00,'2026-04-05 04:26:12'),(454,401,'Fuel',151000.00,'2026-04-05 04:26:12'),(455,161,'Toll Fee',45000.00,'2026-04-05 04:26:12'),(456,22,'Toll Fee',32000.00,'2026-04-05 04:26:12'),(457,154,'Parking',172000.00,'2026-04-05 04:26:12'),(458,139,'Fuel',69000.00,'2026-04-05 04:26:12'),(459,87,'Fuel',35000.00,'2026-04-05 04:26:12'),(460,4,'Parking',24000.00,'2026-04-05 04:26:12'),(461,229,'Parking',110000.00,'2026-04-05 04:26:12'),(462,132,'Toll Fee',176000.00,'2026-04-05 04:26:12'),(463,125,'Parking',26000.00,'2026-04-05 04:26:12'),(464,243,'Parking',127000.00,'2026-04-05 04:26:12'),(465,174,'Parking',112000.00,'2026-04-05 04:26:12'),(466,305,'Fuel',177000.00,'2026-04-05 04:26:12'),(467,20,'Fuel',29000.00,'2026-04-05 04:26:12'),(468,256,'Toll Fee',101000.00,'2026-04-05 04:26:12'),(469,240,'Parking',113000.00,'2026-04-05 04:26:12'),(470,126,'Parking',31000.00,'2026-04-05 04:26:12'),(471,212,'Toll Fee',21000.00,'2026-04-05 04:26:12'),(472,321,'Fuel',23000.00,'2026-04-05 04:26:12'),(473,394,'Parking',104000.00,'2026-04-05 04:26:12'),(474,453,'Toll Fee',46000.00,'2026-04-05 04:26:12'),(475,358,'Parking',107000.00,'2026-04-05 04:26:12'),(476,297,'Fuel',107000.00,'2026-04-05 04:26:12'),(477,105,'Fuel',91000.00,'2026-04-05 04:26:12'),(478,314,'Parking',153000.00,'2026-04-05 04:26:12'),(479,317,'Parking',66000.00,'2026-04-05 04:26:12'),(480,94,'Toll Fee',121000.00,'2026-04-05 04:26:12'),(481,440,'Fuel',199000.00,'2026-04-05 04:26:12'),(482,286,'Parking',176000.00,'2026-04-05 04:26:12'),(483,161,'Fuel',84000.00,'2026-04-05 04:26:12'),(484,324,'Toll Fee',21000.00,'2026-04-05 04:26:12'),(485,93,'Toll Fee',121000.00,'2026-04-05 04:26:12'),(486,106,'Toll Fee',35000.00,'2026-04-05 04:26:12'),(487,71,'Parking',66000.00,'2026-04-05 04:26:12'),(488,485,'Parking',85000.00,'2026-04-05 04:26:12'),(489,424,'Parking',64000.00,'2026-04-05 04:26:12'),(490,416,'Fuel',65000.00,'2026-04-05 04:26:12'),(491,215,'Parking',33000.00,'2026-04-05 04:26:12'),(492,162,'Toll Fee',179000.00,'2026-04-05 04:26:12'),(493,70,'Toll Fee',71000.00,'2026-04-05 04:26:12'),(494,414,'Parking',122000.00,'2026-04-05 04:26:12'),(495,500,'Toll Fee',65000.00,'2026-04-05 04:26:12'),(496,119,'Fuel',153000.00,'2026-04-05 04:26:12'),(497,473,'Toll Fee',104000.00,'2026-04-05 04:26:12'),(498,110,'Fuel',34000.00,'2026-04-05 04:26:12'),(499,341,'Fuel',148000.00,'2026-04-05 04:26:12'),(500,467,'Parking',120000.00,'2026-04-05 04:26:12'),(501,39,'Parking',173000.00,'2026-04-05 04:26:12'),(502,79,'Toll Fee',177000.00,'2026-04-05 04:26:12'),(503,462,'Toll Fee',46000.00,'2026-04-05 04:26:12'),(504,53,'Fuel',27000.00,'2026-04-05 04:26:12'),(505,28,'Parking',84000.00,'2026-04-05 04:26:12'),(506,191,'Toll Fee',75000.00,'2026-04-05 04:26:12'),(507,377,'Toll Fee',98000.00,'2026-04-05 04:26:12'),(508,253,'Parking',36000.00,'2026-04-05 04:26:12'),(509,165,'Toll Fee',153000.00,'2026-04-05 04:26:12'),(510,51,'Fuel',106000.00,'2026-04-05 04:26:12');
/*!40000 ALTER TABLE `expenses` ENABLE KEYS */;
UNLOCK TABLES;

--
-- Table structure for table `orders`
--

DROP TABLE IF EXISTS `orders`;
/*!40101 SET @saved_cs_client     = @@character_set_client */;
/*!50503 SET character_set_client = utf8mb4 */;
CREATE TABLE `orders` (
  `Order_ID` int NOT NULL AUTO_INCREMENT,
  `Customer_ID` int NOT NULL,
  `Order_Date` datetime DEFAULT CURRENT_TIMESTAMP,
  `Status` enum('Pending','Confirmed','Shipping','Delivered','Cancelled') DEFAULT 'Pending',
  `Total_Amount` decimal(15,2) NOT NULL,
  PRIMARY KEY (`Order_ID`),
  KEY `idx_orders_status` (`Status`),
  KEY `idx_orders_customer` (`Customer_ID`),
  CONSTRAINT `orders_ibfk_1` FOREIGN KEY (`Customer_ID`) REFERENCES `customers` (`Customer_ID`) ON DELETE CASCADE
) ENGINE=InnoDB AUTO_INCREMENT=511 DEFAULT CHARSET=utf8mb4 COLLATE=utf8mb4_0900_ai_ci;
/*!40101 SET character_set_client = @saved_cs_client */;

--
-- Dumping data for table `orders`
--

LOCK TABLES `orders` WRITE;
/*!40000 ALTER TABLE `orders` DISABLE KEYS */;
INSERT INTO `orders` VALUES (1,1,'2025-01-11 00:00:00','Pending',910000.00),(2,2,'2025-09-21 00:00:00','Delivered',640000.00),(3,3,'2025-08-10 00:00:00','Delivered',470000.00),(4,4,'2025-07-23 00:00:00','Shipping',940000.00),(5,5,'2025-08-08 00:00:00','Pending',790000.00),(6,6,'2025-05-25 00:00:00','Confirmed',870000.00),(7,7,'2025-06-25 00:00:00','Confirmed',740000.00),(8,8,'2025-01-27 00:00:00','Delivered',330000.00),(9,9,'2025-10-13 00:00:00','Pending',950000.00),(10,10,'2025-03-01 00:00:00','Shipping',640000.00),(11,11,'2025-06-12 00:00:00','Confirmed',210000.00),(12,12,'2025-09-02 00:00:00','Confirmed',100000.00),(13,13,'2026-01-09 00:00:00','Delivered',590000.00),(14,14,'2025-01-10 00:00:00','Shipping',250000.00),(15,15,'2025-10-03 00:00:00','Pending',680000.00),(16,16,'2025-03-30 00:00:00','Confirmed',820000.00),(17,17,'2025-08-05 00:00:00','Confirmed',320000.00),(18,18,'2025-12-27 00:00:00','Pending',570000.00),(19,19,'2025-03-07 00:00:00','Delivered',540000.00),(20,20,'2025-10-24 00:00:00','Shipping',790000.00),(21,21,'2025-09-24 00:00:00','Shipping',230000.00),(22,22,'2025-04-24 00:00:00','Delivered',850000.00),(23,23,'2026-01-03 00:00:00','Delivered',120000.00),(24,24,'2025-01-21 00:00:00','Shipping',500000.00),(25,25,'2025-01-09 00:00:00','Shipping',510000.00),(26,26,'2025-10-21 00:00:00','Delivered',720000.00),(27,27,'2025-01-18 00:00:00','Delivered',150000.00),(28,28,'2025-01-06 00:00:00','Pending',870000.00),(29,29,'2025-08-08 00:00:00','Shipping',950000.00),(30,30,'2025-11-28 00:00:00','Delivered',360000.00),(31,31,'2025-09-05 00:00:00','Confirmed',290000.00),(32,32,'2025-12-10 00:00:00','Shipping',610000.00),(33,33,'2025-09-28 00:00:00','Shipping',290000.00),(34,34,'2025-06-18 00:00:00','Pending',490000.00),(35,35,'2025-03-01 00:00:00','Delivered',820000.00),(36,36,'2026-02-04 00:00:00','Delivered',720000.00),(37,37,'2025-10-31 00:00:00','Delivered',160000.00),(38,38,'2025-09-20 00:00:00','Shipping',530000.00),(39,39,'2025-07-29 00:00:00','Pending',490000.00),(40,40,'2025-09-04 00:00:00','Delivered',100000.00),(41,41,'2025-09-10 00:00:00','Shipping',540000.00),(42,42,'2025-07-15 00:00:00','Pending',960000.00),(43,43,'2025-07-09 00:00:00','Pending',180000.00),(44,44,'2025-10-28 00:00:00','Shipping',100000.00),(45,45,'2025-09-09 00:00:00','Shipping',610000.00),(46,46,'2025-02-20 00:00:00','Pending',830000.00),(47,47,'2026-01-15 00:00:00','Delivered',430000.00),(48,48,'2026-01-11 00:00:00','Pending',580000.00),(49,49,'2025-04-20 00:00:00','Pending',170000.00),(50,50,'2025-02-23 00:00:00','Confirmed',950000.00),(51,51,'2025-03-04 00:00:00','Shipping',120000.00),(52,52,'2025-12-24 00:00:00','Confirmed',610000.00),(53,53,'2025-12-30 00:00:00','Confirmed',960000.00),(54,54,'2025-10-03 00:00:00','Confirmed',130000.00),(55,55,'2025-02-19 00:00:00','Confirmed',610000.00),(56,56,'2025-03-24 00:00:00','Pending',870000.00),(57,57,'2025-12-20 00:00:00','Pending',280000.00),(58,58,'2025-12-31 00:00:00','Delivered',480000.00),(59,59,'2025-07-26 00:00:00','Shipping',140000.00),(60,60,'2025-06-23 00:00:00','Pending',490000.00),(61,61,'2025-08-20 00:00:00','Delivered',480000.00),(62,62,'2026-01-11 00:00:00','Confirmed',250000.00),(63,63,'2025-02-03 00:00:00','Pending',200000.00),(64,64,'2025-08-10 00:00:00','Delivered',950000.00),(65,65,'2025-06-28 00:00:00','Pending',980000.00),(66,66,'2026-01-06 00:00:00','Delivered',370000.00),(67,67,'2025-08-09 00:00:00','Confirmed',830000.00),(68,68,'2025-03-19 00:00:00','Delivered',730000.00),(69,69,'2025-07-13 00:00:00','Delivered',710000.00),(70,70,'2026-02-02 00:00:00','Delivered',590000.00),(71,71,'2025-01-09 00:00:00','Shipping',350000.00),(72,72,'2025-10-27 00:00:00','Pending',420000.00),(73,73,'2026-02-01 00:00:00','Confirmed',430000.00),(74,74,'2025-09-26 00:00:00','Shipping',920000.00),(75,75,'2025-12-22 00:00:00','Confirmed',810000.00),(76,76,'2026-01-14 00:00:00','Pending',550000.00),(77,77,'2025-05-03 00:00:00','Delivered',750000.00),(78,78,'2025-05-19 00:00:00','Confirmed',950000.00),(79,79,'2025-02-27 00:00:00','Confirmed',130000.00),(80,80,'2025-03-23 00:00:00','Confirmed',870000.00),(81,81,'2025-03-03 00:00:00','Delivered',930000.00),(82,82,'2025-11-01 00:00:00','Shipping',390000.00),(83,83,'2025-06-09 00:00:00','Confirmed',250000.00),(84,84,'2025-09-25 00:00:00','Confirmed',830000.00),(85,85,'2025-10-07 00:00:00','Confirmed',530000.00),(86,86,'2025-09-16 00:00:00','Delivered',250000.00),(87,87,'2025-06-15 00:00:00','Delivered',910000.00),(88,88,'2025-09-05 00:00:00','Pending',570000.00),(89,89,'2025-12-18 00:00:00','Delivered',220000.00),(90,90,'2025-03-14 00:00:00','Delivered',380000.00),(91,91,'2026-01-20 00:00:00','Pending',880000.00),(92,92,'2025-08-03 00:00:00','Confirmed',260000.00),(93,93,'2025-08-23 00:00:00','Confirmed',1000000.00),(94,94,'2025-02-07 00:00:00','Delivered',660000.00),(95,95,'2025-11-06 00:00:00','Pending',310000.00),(96,96,'2025-01-14 00:00:00','Pending',410000.00),(97,97,'2025-06-05 00:00:00','Shipping',560000.00),(98,98,'2025-11-27 00:00:00','Confirmed',320000.00),(99,99,'2025-02-08 00:00:00','Pending',680000.00),(100,100,'2025-07-25 00:00:00','Shipping',620000.00),(101,101,'2026-01-04 00:00:00','Pending',440000.00),(102,102,'2025-06-15 00:00:00','Delivered',670000.00),(103,103,'2025-09-27 00:00:00','Delivered',190000.00),(104,104,'2025-04-20 00:00:00','Pending',650000.00),(105,105,'2025-12-15 00:00:00','Delivered',640000.00),(106,106,'2025-06-23 00:00:00','Confirmed',210000.00),(107,107,'2025-06-24 00:00:00','Confirmed',170000.00),(108,108,'2025-10-14 00:00:00','Confirmed',950000.00),(109,109,'2025-06-27 00:00:00','Confirmed',130000.00),(110,110,'2025-08-16 00:00:00','Pending',760000.00),(111,111,'2025-01-12 00:00:00','Delivered',360000.00),(112,112,'2025-01-17 00:00:00','Delivered',810000.00),(113,113,'2025-07-22 00:00:00','Pending',540000.00),(114,114,'2025-03-21 00:00:00','Shipping',940000.00),(115,115,'2025-04-07 00:00:00','Pending',430000.00),(116,116,'2025-12-17 00:00:00','Delivered',120000.00),(117,117,'2025-03-30 00:00:00','Confirmed',750000.00),(118,118,'2025-09-20 00:00:00','Delivered',180000.00),(119,119,'2026-01-12 00:00:00','Confirmed',120000.00),(120,120,'2025-03-05 00:00:00','Pending',930000.00),(121,121,'2025-11-06 00:00:00','Pending',660000.00),(122,122,'2025-09-16 00:00:00','Shipping',570000.00),(123,123,'2025-07-14 00:00:00','Confirmed',440000.00),(124,124,'2025-08-10 00:00:00','Pending',880000.00),(125,125,'2025-01-05 00:00:00','Shipping',340000.00),(126,126,'2025-10-16 00:00:00','Pending',730000.00),(127,127,'2025-11-15 00:00:00','Pending',690000.00),(128,128,'2025-10-28 00:00:00','Pending',350000.00),(129,129,'2025-03-14 00:00:00','Delivered',910000.00),(130,130,'2025-08-20 00:00:00','Pending',150000.00),(131,131,'2025-03-04 00:00:00','Shipping',780000.00),(132,132,'2026-02-04 00:00:00','Pending',600000.00),(133,133,'2025-10-09 00:00:00','Pending',470000.00),(134,134,'2025-05-27 00:00:00','Shipping',230000.00),(135,135,'2025-08-06 00:00:00','Delivered',160000.00),(136,136,'2025-04-29 00:00:00','Confirmed',270000.00),(137,137,'2025-11-30 00:00:00','Pending',450000.00),(138,138,'2025-03-12 00:00:00','Shipping',730000.00),(139,139,'2025-11-24 00:00:00','Confirmed',490000.00),(140,140,'2025-11-02 00:00:00','Confirmed',610000.00),(141,141,'2025-06-21 00:00:00','Shipping',870000.00),(142,142,'2025-06-04 00:00:00','Pending',130000.00),(143,143,'2025-05-11 00:00:00','Pending',950000.00),(144,144,'2025-12-21 00:00:00','Shipping',160000.00),(145,145,'2025-07-17 00:00:00','Pending',280000.00),(146,146,'2025-07-30 00:00:00','Shipping',760000.00),(147,147,'2025-09-03 00:00:00','Confirmed',360000.00),(148,148,'2025-06-25 00:00:00','Pending',750000.00),(149,149,'2025-01-26 00:00:00','Shipping',340000.00),(150,150,'2025-12-20 00:00:00','Delivered',400000.00),(151,151,'2025-10-17 00:00:00','Pending',850000.00),(152,152,'2025-02-19 00:00:00','Shipping',200000.00),(153,153,'2025-01-26 00:00:00','Pending',300000.00),(154,154,'2025-03-30 00:00:00','Pending',860000.00),(155,155,'2025-03-17 00:00:00','Pending',710000.00),(156,156,'2025-03-15 00:00:00','Confirmed',280000.00),(157,157,'2025-03-26 00:00:00','Pending',430000.00),(158,158,'2025-07-20 00:00:00','Shipping',360000.00),(159,159,'2025-04-28 00:00:00','Pending',760000.00),(160,160,'2025-07-11 00:00:00','Confirmed',320000.00),(161,161,'2025-09-10 00:00:00','Delivered',930000.00),(162,162,'2025-10-25 00:00:00','Delivered',880000.00),(163,163,'2025-04-19 00:00:00','Delivered',890000.00),(164,164,'2025-12-19 00:00:00','Delivered',740000.00),(165,165,'2026-01-01 00:00:00','Pending',930000.00),(166,166,'2025-11-05 00:00:00','Confirmed',680000.00),(167,167,'2025-03-14 00:00:00','Delivered',830000.00),(168,168,'2025-01-17 00:00:00','Pending',360000.00),(169,169,'2025-07-09 00:00:00','Confirmed',270000.00),(170,170,'2025-11-22 00:00:00','Shipping',300000.00),(171,171,'2025-12-10 00:00:00','Delivered',170000.00),(172,172,'2025-02-01 00:00:00','Confirmed',390000.00),(173,173,'2025-09-16 00:00:00','Shipping',330000.00),(174,174,'2025-10-26 00:00:00','Shipping',350000.00),(175,175,'2026-01-14 00:00:00','Pending',290000.00),(176,176,'2026-01-29 00:00:00','Pending',360000.00),(177,177,'2025-10-25 00:00:00','Delivered',320000.00),(178,178,'2025-12-29 00:00:00','Pending',210000.00),(179,179,'2025-04-18 00:00:00','Confirmed',210000.00),(180,180,'2025-01-31 00:00:00','Delivered',710000.00),(181,181,'2025-05-28 00:00:00','Confirmed',980000.00),(182,182,'2025-05-16 00:00:00','Confirmed',620000.00),(183,183,'2026-01-12 00:00:00','Confirmed',340000.00),(184,184,'2025-03-17 00:00:00','Shipping',590000.00),(185,185,'2025-09-18 00:00:00','Pending',880000.00),(186,186,'2025-08-27 00:00:00','Delivered',1000000.00),(187,187,'2025-07-12 00:00:00','Confirmed',330000.00),(188,188,'2025-11-18 00:00:00','Delivered',860000.00),(189,189,'2025-09-30 00:00:00','Pending',670000.00),(190,190,'2025-02-10 00:00:00','Pending',190000.00),(191,191,'2025-11-22 00:00:00','Confirmed',470000.00),(192,192,'2025-12-03 00:00:00','Delivered',980000.00),(193,193,'2025-06-11 00:00:00','Shipping',330000.00),(194,194,'2025-07-19 00:00:00','Delivered',780000.00),(195,195,'2025-08-04 00:00:00','Confirmed',510000.00),(196,196,'2025-05-22 00:00:00','Confirmed',570000.00),(197,197,'2025-05-25 00:00:00','Confirmed',710000.00),(198,198,'2025-05-17 00:00:00','Shipping',370000.00),(199,199,'2025-01-13 00:00:00','Delivered',800000.00),(200,200,'2026-01-11 00:00:00','Confirmed',620000.00),(201,201,'2025-04-04 00:00:00','Confirmed',960000.00),(202,202,'2025-12-17 00:00:00','Confirmed',200000.00),(203,203,'2026-01-13 00:00:00','Pending',470000.00),(204,204,'2025-05-03 00:00:00','Confirmed',860000.00),(205,205,'2025-11-24 00:00:00','Delivered',110000.00),(206,206,'2025-11-16 00:00:00','Pending',540000.00),(207,207,'2025-07-09 00:00:00','Confirmed',270000.00),(208,208,'2025-01-12 00:00:00','Delivered',250000.00),(209,209,'2025-03-28 00:00:00','Pending',960000.00),(210,210,'2025-04-02 00:00:00','Pending',760000.00),(211,211,'2025-04-30 00:00:00','Shipping',990000.00),(212,212,'2025-04-03 00:00:00','Delivered',750000.00),(213,213,'2025-04-08 00:00:00','Confirmed',830000.00),(214,214,'2025-05-09 00:00:00','Confirmed',310000.00),(215,215,'2025-07-10 00:00:00','Pending',970000.00),(216,216,'2025-09-05 00:00:00','Pending',900000.00),(217,217,'2025-11-05 00:00:00','Shipping',230000.00),(218,218,'2025-07-08 00:00:00','Confirmed',990000.00),(219,219,'2025-09-16 00:00:00','Confirmed',630000.00),(220,220,'2026-01-26 00:00:00','Confirmed',570000.00),(221,221,'2025-07-25 00:00:00','Shipping',530000.00),(222,222,'2025-03-20 00:00:00','Pending',870000.00),(223,223,'2025-12-27 00:00:00','Delivered',850000.00),(224,224,'2025-01-30 00:00:00','Pending',900000.00),(225,225,'2025-01-13 00:00:00','Confirmed',1000000.00),(226,226,'2025-06-22 00:00:00','Confirmed',920000.00),(227,227,'2025-04-07 00:00:00','Confirmed',280000.00),(228,228,'2025-09-14 00:00:00','Pending',630000.00),(229,229,'2025-02-13 00:00:00','Confirmed',190000.00),(230,230,'2025-02-23 00:00:00','Confirmed',780000.00),(231,231,'2025-02-13 00:00:00','Confirmed',920000.00),(232,232,'2026-01-15 00:00:00','Pending',330000.00),(233,233,'2025-06-28 00:00:00','Pending',710000.00),(234,234,'2025-12-03 00:00:00','Shipping',250000.00),(235,235,'2025-10-15 00:00:00','Shipping',730000.00),(236,236,'2025-05-22 00:00:00','Pending',870000.00),(237,237,'2025-08-22 00:00:00','Shipping',590000.00),(238,238,'2025-01-20 00:00:00','Shipping',740000.00),(239,239,'2025-12-18 00:00:00','Confirmed',530000.00),(240,240,'2025-01-21 00:00:00','Shipping',330000.00),(241,241,'2025-05-09 00:00:00','Confirmed',390000.00),(242,242,'2025-01-15 00:00:00','Pending',580000.00),(243,243,'2025-12-26 00:00:00','Shipping',670000.00),(244,244,'2025-04-04 00:00:00','Delivered',560000.00),(245,245,'2025-06-09 00:00:00','Shipping',960000.00),(246,246,'2025-02-12 00:00:00','Confirmed',460000.00),(247,247,'2025-10-08 00:00:00','Pending',880000.00),(248,248,'2025-10-13 00:00:00','Pending',320000.00),(249,249,'2025-03-15 00:00:00','Shipping',220000.00),(250,250,'2025-01-03 00:00:00','Pending',870000.00),(251,251,'2025-09-29 00:00:00','Delivered',950000.00),(252,252,'2025-03-09 00:00:00','Shipping',600000.00),(253,253,'2025-02-13 00:00:00','Pending',680000.00),(254,254,'2025-10-10 00:00:00','Confirmed',820000.00),(255,255,'2026-01-20 00:00:00','Pending',150000.00),(256,256,'2025-01-17 00:00:00','Confirmed',860000.00),(257,257,'2025-02-28 00:00:00','Confirmed',370000.00),(258,258,'2025-08-15 00:00:00','Shipping',760000.00),(259,259,'2025-10-20 00:00:00','Shipping',990000.00),(260,260,'2025-04-25 00:00:00','Shipping',710000.00),(261,261,'2025-04-07 00:00:00','Confirmed',560000.00),(262,262,'2025-05-31 00:00:00','Shipping',200000.00),(263,263,'2025-12-30 00:00:00','Delivered',530000.00),(264,264,'2025-02-26 00:00:00','Pending',470000.00),(265,265,'2025-09-17 00:00:00','Delivered',230000.00),(266,266,'2025-10-23 00:00:00','Confirmed',450000.00),(267,267,'2025-01-15 00:00:00','Delivered',960000.00),(268,268,'2025-04-09 00:00:00','Pending',740000.00),(269,269,'2025-05-19 00:00:00','Delivered',330000.00),(270,270,'2025-10-12 00:00:00','Delivered',600000.00),(271,271,'2025-07-26 00:00:00','Pending',240000.00),(272,272,'2025-08-15 00:00:00','Delivered',780000.00),(273,273,'2025-04-25 00:00:00','Pending',930000.00),(274,274,'2025-09-22 00:00:00','Pending',350000.00),(275,275,'2025-05-28 00:00:00','Delivered',570000.00),(276,276,'2025-10-16 00:00:00','Delivered',770000.00),(277,277,'2025-01-21 00:00:00','Pending',270000.00),(278,278,'2025-12-19 00:00:00','Delivered',100000.00),(279,279,'2025-07-30 00:00:00','Delivered',430000.00),(280,280,'2025-07-27 00:00:00','Shipping',590000.00),(281,281,'2025-08-27 00:00:00','Shipping',220000.00),(282,282,'2025-08-12 00:00:00','Pending',620000.00),(283,283,'2025-05-15 00:00:00','Delivered',430000.00),(284,284,'2025-10-24 00:00:00','Shipping',610000.00),(285,285,'2025-02-25 00:00:00','Pending',640000.00),(286,286,'2025-05-03 00:00:00','Delivered',430000.00),(287,287,'2025-05-18 00:00:00','Confirmed',330000.00),(288,288,'2025-07-21 00:00:00','Confirmed',230000.00),(289,289,'2026-01-25 00:00:00','Delivered',450000.00),(290,290,'2025-09-18 00:00:00','Delivered',500000.00),(291,291,'2025-08-18 00:00:00','Confirmed',900000.00),(292,292,'2025-10-08 00:00:00','Confirmed',1000000.00),(293,293,'2025-12-24 00:00:00','Pending',620000.00),(294,294,'2025-07-27 00:00:00','Delivered',300000.00),(295,295,'2025-08-18 00:00:00','Delivered',330000.00),(296,296,'2025-07-28 00:00:00','Delivered',570000.00),(297,297,'2025-02-24 00:00:00','Pending',1000000.00),(298,298,'2026-02-03 00:00:00','Delivered',110000.00),(299,299,'2025-03-01 00:00:00','Confirmed',200000.00),(300,300,'2025-04-07 00:00:00','Pending',300000.00),(301,301,'2025-05-18 00:00:00','Delivered',180000.00),(302,302,'2025-05-22 00:00:00','Delivered',150000.00),(303,303,'2025-05-14 00:00:00','Shipping',120000.00),(304,304,'2026-01-20 00:00:00','Shipping',640000.00),(305,305,'2025-11-07 00:00:00','Shipping',920000.00),(306,306,'2025-09-17 00:00:00','Confirmed',190000.00),(307,307,'2025-05-31 00:00:00','Shipping',1000000.00),(308,308,'2025-05-13 00:00:00','Confirmed',540000.00),(309,309,'2025-02-01 00:00:00','Delivered',610000.00),(310,310,'2026-01-13 00:00:00','Delivered',300000.00),(311,311,'2025-09-29 00:00:00','Delivered',520000.00),(312,312,'2025-11-06 00:00:00','Delivered',330000.00),(313,313,'2025-05-17 00:00:00','Delivered',910000.00),(314,314,'2025-09-16 00:00:00','Shipping',320000.00),(315,315,'2025-07-13 00:00:00','Delivered',160000.00),(316,316,'2025-03-19 00:00:00','Confirmed',420000.00),(317,317,'2025-10-28 00:00:00','Confirmed',300000.00),(318,318,'2025-03-10 00:00:00','Delivered',300000.00),(319,319,'2025-10-14 00:00:00','Pending',970000.00),(320,320,'2025-09-12 00:00:00','Confirmed',770000.00),(321,321,'2025-02-03 00:00:00','Delivered',770000.00),(322,322,'2025-10-03 00:00:00','Pending',840000.00),(323,323,'2026-01-01 00:00:00','Pending',620000.00),(324,324,'2026-01-21 00:00:00','Delivered',700000.00),(325,325,'2025-07-31 00:00:00','Delivered',200000.00),(326,326,'2025-08-11 00:00:00','Shipping',310000.00),(327,327,'2025-05-01 00:00:00','Pending',900000.00),(328,328,'2025-02-17 00:00:00','Pending',330000.00),(329,329,'2025-11-04 00:00:00','Confirmed',960000.00),(330,330,'2025-07-28 00:00:00','Pending',900000.00),(331,331,'2025-03-08 00:00:00','Pending',540000.00),(332,332,'2025-03-19 00:00:00','Delivered',810000.00),(333,333,'2025-01-04 00:00:00','Pending',400000.00),(334,334,'2025-11-01 00:00:00','Confirmed',820000.00),(335,335,'2025-05-26 00:00:00','Confirmed',100000.00),(336,336,'2025-02-24 00:00:00','Shipping',890000.00),(337,337,'2025-10-30 00:00:00','Pending',500000.00),(338,338,'2025-06-10 00:00:00','Confirmed',420000.00),(339,339,'2025-07-02 00:00:00','Shipping',750000.00),(340,340,'2025-08-27 00:00:00','Delivered',900000.00),(341,341,'2025-06-11 00:00:00','Confirmed',220000.00),(342,342,'2025-02-20 00:00:00','Delivered',200000.00),(343,343,'2025-04-10 00:00:00','Delivered',400000.00),(344,344,'2025-02-20 00:00:00','Delivered',340000.00),(345,345,'2025-05-08 00:00:00','Pending',110000.00),(346,346,'2025-03-06 00:00:00','Delivered',610000.00),(347,347,'2025-09-14 00:00:00','Delivered',860000.00),(348,348,'2025-09-11 00:00:00','Delivered',280000.00),(349,349,'2025-01-20 00:00:00','Shipping',760000.00),(350,350,'2026-01-26 00:00:00','Confirmed',490000.00),(351,351,'2025-09-20 00:00:00','Confirmed',670000.00),(352,352,'2025-11-11 00:00:00','Confirmed',780000.00),(353,353,'2025-05-29 00:00:00','Pending',590000.00),(354,354,'2025-10-14 00:00:00','Pending',190000.00),(355,355,'2025-02-19 00:00:00','Pending',960000.00),(356,356,'2025-12-13 00:00:00','Confirmed',580000.00),(357,357,'2025-07-02 00:00:00','Delivered',120000.00),(358,358,'2025-08-24 00:00:00','Delivered',420000.00),(359,359,'2025-01-09 00:00:00','Pending',540000.00),(360,360,'2025-05-04 00:00:00','Shipping',580000.00),(361,361,'2025-01-10 00:00:00','Pending',440000.00),(362,362,'2025-01-25 00:00:00','Delivered',960000.00),(363,363,'2025-10-20 00:00:00','Shipping',420000.00),(364,364,'2025-03-05 00:00:00','Delivered',690000.00),(365,365,'2025-08-01 00:00:00','Confirmed',720000.00),(366,366,'2025-01-26 00:00:00','Confirmed',260000.00),(367,367,'2025-06-25 00:00:00','Shipping',840000.00),(368,368,'2025-06-09 00:00:00','Delivered',460000.00),(369,369,'2025-09-05 00:00:00','Pending',300000.00),(370,370,'2025-02-09 00:00:00','Pending',840000.00),(371,371,'2025-11-12 00:00:00','Confirmed',530000.00),(372,372,'2025-02-25 00:00:00','Confirmed',100000.00),(373,373,'2025-09-24 00:00:00','Confirmed',300000.00),(374,374,'2025-07-17 00:00:00','Pending',590000.00),(375,375,'2025-07-11 00:00:00','Confirmed',150000.00),(376,376,'2025-08-18 00:00:00','Confirmed',190000.00),(377,377,'2025-03-08 00:00:00','Confirmed',610000.00),(378,378,'2025-12-06 00:00:00','Pending',510000.00),(379,379,'2025-11-25 00:00:00','Confirmed',960000.00),(380,380,'2025-07-29 00:00:00','Confirmed',310000.00),(381,381,'2025-11-09 00:00:00','Shipping',890000.00),(382,382,'2025-03-02 00:00:00','Delivered',940000.00),(383,383,'2025-07-21 00:00:00','Confirmed',560000.00),(384,384,'2025-07-23 00:00:00','Delivered',230000.00),(385,385,'2025-05-06 00:00:00','Pending',520000.00),(386,386,'2025-12-02 00:00:00','Shipping',450000.00),(387,387,'2025-09-30 00:00:00','Delivered',920000.00),(388,388,'2025-03-26 00:00:00','Pending',280000.00),(389,389,'2025-09-01 00:00:00','Shipping',630000.00),(390,390,'2025-09-09 00:00:00','Confirmed',910000.00),(391,391,'2025-05-02 00:00:00','Pending',660000.00),(392,392,'2025-06-06 00:00:00','Pending',840000.00),(393,393,'2025-05-03 00:00:00','Confirmed',130000.00),(394,394,'2025-11-11 00:00:00','Shipping',200000.00),(395,395,'2026-02-01 00:00:00','Delivered',950000.00),(396,396,'2025-04-12 00:00:00','Shipping',570000.00),(397,397,'2025-10-15 00:00:00','Delivered',600000.00),(398,398,'2025-02-16 00:00:00','Delivered',190000.00),(399,399,'2025-03-13 00:00:00','Delivered',1000000.00),(400,400,'2025-08-30 00:00:00','Confirmed',630000.00),(401,401,'2025-08-07 00:00:00','Confirmed',380000.00),(402,402,'2025-12-06 00:00:00','Confirmed',990000.00),(403,403,'2025-03-15 00:00:00','Delivered',180000.00),(404,404,'2025-02-04 00:00:00','Pending',1000000.00),(405,405,'2025-02-09 00:00:00','Delivered',730000.00),(406,406,'2025-04-22 00:00:00','Shipping',390000.00),(407,407,'2025-11-18 00:00:00','Pending',690000.00),(408,408,'2025-03-12 00:00:00','Shipping',380000.00),(409,409,'2025-10-03 00:00:00','Pending',110000.00),(410,410,'2025-01-09 00:00:00','Pending',170000.00),(411,411,'2025-08-26 00:00:00','Pending',190000.00),(412,412,'2025-09-25 00:00:00','Delivered',280000.00),(413,413,'2025-05-09 00:00:00','Confirmed',390000.00),(414,414,'2025-06-03 00:00:00','Confirmed',310000.00),(415,415,'2025-07-04 00:00:00','Pending',730000.00),(416,416,'2025-11-19 00:00:00','Pending',830000.00),(417,417,'2025-06-30 00:00:00','Pending',570000.00),(418,418,'2025-07-26 00:00:00','Pending',120000.00),(419,419,'2025-05-03 00:00:00','Pending',570000.00),(420,420,'2025-05-28 00:00:00','Shipping',290000.00),(421,421,'2025-08-15 00:00:00','Shipping',940000.00),(422,422,'2025-09-27 00:00:00','Shipping',590000.00),(423,423,'2025-07-27 00:00:00','Delivered',370000.00),(424,424,'2025-06-17 00:00:00','Pending',700000.00),(425,425,'2025-07-21 00:00:00','Shipping',220000.00),(426,426,'2025-02-28 00:00:00','Shipping',380000.00),(427,427,'2025-11-05 00:00:00','Pending',590000.00),(428,428,'2025-11-04 00:00:00','Confirmed',470000.00),(429,429,'2025-01-25 00:00:00','Delivered',620000.00),(430,430,'2025-02-20 00:00:00','Pending',760000.00),(431,431,'2025-03-28 00:00:00','Pending',1000000.00),(432,432,'2025-08-07 00:00:00','Shipping',590000.00),(433,433,'2025-02-19 00:00:00','Delivered',350000.00),(434,434,'2025-02-05 00:00:00','Shipping',760000.00),(435,435,'2025-05-26 00:00:00','Shipping',750000.00),(436,436,'2025-10-24 00:00:00','Confirmed',530000.00),(437,437,'2025-10-06 00:00:00','Confirmed',640000.00),(438,438,'2025-01-30 00:00:00','Pending',690000.00),(439,439,'2025-02-25 00:00:00','Confirmed',360000.00),(440,440,'2025-01-03 00:00:00','Shipping',220000.00),(441,441,'2025-08-09 00:00:00','Pending',420000.00),(442,442,'2025-08-02 00:00:00','Delivered',970000.00),(443,443,'2025-06-13 00:00:00','Pending',830000.00),(444,444,'2025-06-25 00:00:00','Delivered',430000.00),(445,445,'2025-12-14 00:00:00','Pending',490000.00),(446,446,'2025-05-28 00:00:00','Confirmed',530000.00),(447,447,'2026-01-17 00:00:00','Delivered',460000.00),(448,448,'2025-09-28 00:00:00','Confirmed',700000.00),(449,449,'2025-02-26 00:00:00','Delivered',450000.00),(450,450,'2025-02-04 00:00:00','Shipping',450000.00),(451,451,'2025-05-17 00:00:00','Shipping',420000.00),(452,452,'2025-01-24 00:00:00','Delivered',700000.00),(453,453,'2025-11-29 00:00:00','Shipping',790000.00),(454,454,'2025-01-09 00:00:00','Shipping',910000.00),(455,455,'2025-04-15 00:00:00','Shipping',560000.00),(456,456,'2025-04-26 00:00:00','Shipping',560000.00),(457,457,'2025-11-09 00:00:00','Delivered',620000.00),(458,458,'2026-01-17 00:00:00','Shipping',820000.00),(459,459,'2025-01-14 00:00:00','Confirmed',970000.00),(460,460,'2025-08-01 00:00:00','Delivered',700000.00),(461,461,'2025-02-03 00:00:00','Pending',550000.00),(462,462,'2025-07-27 00:00:00','Shipping',710000.00),(463,463,'2025-09-25 00:00:00','Confirmed',760000.00),(464,464,'2025-08-29 00:00:00','Confirmed',500000.00),(465,465,'2025-03-31 00:00:00','Pending',540000.00),(466,466,'2025-04-12 00:00:00','Confirmed',280000.00),(467,467,'2025-07-01 00:00:00','Delivered',320000.00),(468,468,'2025-07-23 00:00:00','Shipping',270000.00),(469,469,'2025-08-30 00:00:00','Shipping',160000.00),(470,470,'2025-04-15 00:00:00','Shipping',780000.00),(471,471,'2025-06-21 00:00:00','Delivered',890000.00),(472,472,'2025-05-23 00:00:00','Confirmed',540000.00),(473,473,'2025-03-21 00:00:00','Shipping',580000.00),(474,474,'2026-02-01 00:00:00','Delivered',500000.00),(475,475,'2025-03-07 00:00:00','Delivered',860000.00),(476,476,'2025-04-17 00:00:00','Pending',800000.00),(477,477,'2026-01-04 00:00:00','Delivered',160000.00),(478,478,'2025-11-16 00:00:00','Pending',590000.00),(479,479,'2025-04-03 00:00:00','Shipping',670000.00),(480,480,'2025-12-05 00:00:00','Confirmed',350000.00),(481,481,'2025-08-03 00:00:00','Delivered',800000.00),(482,482,'2025-08-09 00:00:00','Confirmed',930000.00),(483,483,'2025-06-04 00:00:00','Pending',160000.00),(484,484,'2025-06-13 00:00:00','Delivered',920000.00),(485,485,'2025-05-22 00:00:00','Shipping',450000.00),(486,486,'2025-11-23 00:00:00','Shipping',330000.00),(487,487,'2025-01-06 00:00:00','Pending',770000.00),(488,488,'2025-01-21 00:00:00','Delivered',770000.00),(489,489,'2025-09-21 00:00:00','Shipping',520000.00),(490,490,'2025-10-21 00:00:00','Confirmed',720000.00),(491,491,'2025-08-19 00:00:00','Shipping',260000.00),(492,492,'2025-07-23 00:00:00','Delivered',420000.00),(493,493,'2026-01-07 00:00:00','Shipping',240000.00),(494,494,'2025-01-31 00:00:00','Confirmed',320000.00),(495,495,'2025-12-15 00:00:00','Shipping',270000.00),(496,496,'2025-09-04 00:00:00','Pending',230000.00),(497,497,'2025-02-11 00:00:00','Confirmed',730000.00),(498,498,'2025-09-28 00:00:00','Shipping',950000.00),(499,499,'2025-10-26 00:00:00','Confirmed',160000.00),(500,500,'2025-01-26 00:00:00','Pending',880000.00),(501,501,'2025-11-04 00:00:00','Pending',450000.00),(502,502,'2025-10-13 00:00:00','Pending',780000.00),(503,503,'2025-06-17 00:00:00','Delivered',740000.00),(504,504,'2025-03-16 00:00:00','Delivered',130000.00),(505,505,'2025-01-15 00:00:00','Pending',140000.00),(506,506,'2025-04-06 00:00:00','Delivered',480000.00),(507,507,'2025-01-15 00:00:00','Delivered',170000.00),(508,508,'2025-05-30 00:00:00','Pending',700000.00),(509,509,'2026-01-24 00:00:00','Shipping',910000.00),(510,510,'2025-09-10 00:00:00','Shipping',650000.00);
/*!40000 ALTER TABLE `orders` ENABLE KEYS */;
UNLOCK TABLES;

--
-- Table structure for table `vehicles`
--

DROP TABLE IF EXISTS `vehicles`;
/*!40101 SET @saved_cs_client     = @@character_set_client */;
/*!50503 SET character_set_client = utf8mb4 */;
CREATE TABLE `vehicles` (
  `Vehicle_ID` int NOT NULL AUTO_INCREMENT,
  `Plate_Number` varchar(20) NOT NULL,
  `Vehicle_Type` varchar(50) NOT NULL,
  `Availability` tinyint(1) DEFAULT '1',
  `Last_Maintenance` date DEFAULT NULL,
  PRIMARY KEY (`Vehicle_ID`),
  UNIQUE KEY `Plate_Number` (`Plate_Number`),
  KEY `idx_vehicles_availability` (`Availability`)
) ENGINE=InnoDB AUTO_INCREMENT=511 DEFAULT CHARSET=utf8mb4 COLLATE=utf8mb4_0900_ai_ci;
/*!40101 SET character_set_client = @saved_cs_client */;

--
-- Dumping data for table `vehicles`
--

LOCK TABLES `vehicles` WRITE;
/*!40000 ALTER TABLE `vehicles` DISABLE KEYS */;
INSERT INTO `vehicles` VALUES (1,'29-A-30057','Motorbike',1,NULL),(2,'29-H-70795','Motorbike',1,NULL),(3,'29-A-45482','Van',1,NULL),(4,'29-A-69375','Truck',0,NULL),(5,'29-H-90187','Motorbike',0,NULL),(6,'29-H-41440','Motorbike',1,NULL),(7,'29-H-64507','Truck',0,NULL),(8,'29-A-51119','Truck',0,NULL),(9,'29-H-94111','Van',1,NULL),(10,'29-H-85966','Van',0,NULL),(11,'29-H-48339','Truck',0,NULL),(12,'29-H-73234','Motorbike',0,NULL),(13,'29-A-57943','Truck',1,NULL),(14,'29-A-52394','Van',1,NULL),(15,'29-C-13246','Truck',1,NULL),(16,'29-H-74191','Motorbike',1,NULL),(17,'29-A-94601','Motorbike',1,NULL),(18,'29-C-88181','Van',1,NULL),(19,'29-C-11888','Motorbike',0,NULL),(20,'29-H-21349','Van',1,NULL),(21,'29-C-78783','Motorbike',0,NULL),(22,'29-A-70138','Truck',0,NULL),(23,'29-A-20512','Motorbike',1,NULL),(24,'29-A-27030','Van',1,NULL),(25,'29-A-40898','Truck',0,NULL),(26,'29-C-90689','Motorbike',1,NULL),(27,'29-C-35673','Truck',0,NULL),(28,'29-C-25559','Motorbike',1,NULL),(29,'29-A-54188','Van',1,NULL),(30,'29-C-72860','Motorbike',1,NULL),(31,'29-H-10966','Truck',1,NULL),(32,'29-C-19912','Truck',0,NULL),(33,'29-H-21832','Van',0,NULL),(34,'29-C-28868','Truck',1,NULL),(35,'29-H-96795','Van',1,NULL),(36,'29-H-39098','Van',1,NULL),(37,'29-C-63256','Motorbike',1,NULL),(38,'29-H-69699','Motorbike',0,NULL),(39,'29-A-48680','Motorbike',0,NULL),(40,'29-H-49910','Van',0,NULL),(41,'29-A-61432','Truck',1,NULL),(42,'29-C-15566','Truck',0,NULL),(43,'29-A-22106','Motorbike',1,NULL),(44,'29-A-89172','Van',0,NULL),(45,'29-A-15413','Motorbike',1,NULL),(46,'29-C-99612','Truck',0,NULL),(47,'29-H-44430','Motorbike',1,NULL),(48,'29-C-95129','Motorbike',1,NULL),(49,'29-A-74861','Motorbike',0,NULL),(50,'29-C-49756','Van',1,NULL),(51,'29-C-66848','Van',1,NULL),(52,'29-H-19096','Van',1,NULL),(53,'29-H-55827','Van',1,NULL),(54,'29-C-66063','Truck',1,NULL),(55,'29-H-91932','Motorbike',1,NULL),(56,'29-A-11010','Van',1,NULL),(57,'29-C-59549','Motorbike',0,NULL),(58,'29-H-33511','Truck',0,NULL),(59,'29-C-74744','Truck',1,NULL),(60,'29-C-45013','Van',0,NULL),(61,'29-C-58509','Motorbike',0,NULL),(62,'29-A-82544','Truck',1,NULL),(63,'29-C-38032','Motorbike',0,NULL),(64,'29-H-83702','Truck',1,NULL),(65,'29-H-26523','Truck',1,NULL),(66,'29-C-52302','Motorbike',0,NULL),(67,'29-A-54527','Van',1,NULL),(68,'29-C-12174','Motorbike',1,NULL),(69,'29-C-52114','Van',1,NULL),(70,'29-H-23895','Motorbike',1,NULL),(71,'29-A-41832','Motorbike',0,NULL),(72,'29-C-35505','Van',0,NULL),(73,'29-H-76925','Truck',1,NULL),(74,'29-C-63617','Motorbike',1,NULL),(75,'29-C-57922','Truck',0,NULL),(76,'29-A-95790','Truck',1,NULL),(77,'29-A-93435','Motorbike',0,NULL),(78,'29-C-38469','Motorbike',1,NULL),(79,'29-H-97765','Motorbike',1,NULL),(80,'29-C-37383','Van',1,NULL),(81,'29-H-38732','Truck',1,NULL),(82,'29-C-28895','Truck',1,NULL),(83,'29-A-34062','Van',1,NULL),(84,'29-H-21460','Motorbike',0,NULL),(85,'29-A-83596','Motorbike',1,NULL),(86,'29-C-86092','Truck',0,NULL),(87,'29-A-97619','Truck',0,NULL),(88,'29-H-83551','Truck',1,NULL),(89,'29-A-58668','Van',0,NULL),(90,'29-C-83788','Motorbike',1,NULL),(91,'29-H-65362','Van',0,NULL),(92,'29-A-90162','Motorbike',1,NULL),(93,'29-A-21936','Van',1,NULL),(94,'29-H-76868','Truck',0,NULL),(95,'29-A-26499','Van',1,NULL),(96,'29-C-23126','Truck',1,NULL),(97,'29-C-34317','Truck',1,NULL),(98,'29-A-71735','Motorbike',0,NULL),(99,'29-H-39833','Motorbike',1,NULL),(100,'29-C-92818','Van',0,NULL),(101,'29-H-22589','Motorbike',1,NULL),(102,'29-A-25783','Motorbike',1,NULL),(103,'29-H-67743','Truck',1,NULL),(104,'29-H-23855','Van',1,NULL),(105,'29-C-91420','Truck',0,NULL),(106,'29-C-15864','Truck',1,NULL),(107,'29-H-64835','Motorbike',0,NULL),(108,'29-A-29431','Truck',1,NULL),(109,'29-H-48764','Van',0,NULL),(110,'29-C-88144','Motorbike',1,NULL),(111,'29-H-31771','Van',1,NULL),(112,'29-C-72906','Motorbike',1,NULL),(113,'29-H-81378','Truck',1,NULL),(114,'29-A-44209','Truck',1,NULL),(115,'29-H-47286','Truck',0,NULL),(116,'29-C-67787','Truck',1,NULL),(117,'29-A-39713','Van',0,NULL),(118,'29-A-70830','Van',0,NULL),(119,'29-C-43896','Truck',1,NULL),(120,'29-H-89736','Truck',1,NULL),(121,'29-A-33946','Van',1,NULL),(122,'29-H-83247','Truck',1,NULL),(123,'29-H-15313','Van',1,NULL),(124,'29-C-56733','Truck',0,NULL),(125,'29-A-25400','Van',1,NULL),(126,'29-C-84369','Motorbike',1,NULL),(127,'29-C-16064','Motorbike',1,NULL),(128,'29-A-66027','Van',0,NULL),(129,'29-A-80122','Van',0,NULL),(130,'29-H-84765','Truck',1,NULL),(131,'29-A-56339','Van',1,NULL),(132,'29-H-79020','Motorbike',0,NULL),(133,'29-A-93863','Motorbike',0,NULL),(134,'29-C-40832','Truck',1,NULL),(135,'29-C-17549','Motorbike',1,NULL),(136,'29-A-97691','Motorbike',0,NULL),(137,'29-A-70233','Motorbike',0,NULL),(138,'29-A-21029','Truck',1,NULL),(139,'29-H-96632','Truck',0,NULL),(140,'29-A-18724','Truck',1,NULL),(141,'29-A-76273','Truck',0,NULL),(142,'29-H-22544','Truck',1,NULL),(143,'29-H-59591','Truck',1,NULL),(144,'29-A-83946','Van',1,NULL),(145,'29-H-12215','Truck',1,NULL),(146,'29-C-53293','Truck',0,NULL),(147,'29-H-17286','Motorbike',0,NULL),(148,'29-C-78226','Truck',0,NULL),(149,'29-C-74683','Motorbike',0,NULL),(150,'29-C-36625','Truck',1,NULL),(151,'29-C-58979','Van',0,NULL),(152,'29-H-38460','Van',1,NULL),(153,'29-C-25087','Motorbike',1,NULL),(154,'29-H-18617','Van',1,NULL),(155,'29-H-61651','Van',0,NULL),(156,'29-H-39773','Van',1,NULL),(157,'29-H-77481','Truck',1,NULL),(158,'29-C-10343','Truck',0,NULL),(159,'29-H-25579','Van',1,NULL),(160,'29-A-67575','Motorbike',1,NULL),(161,'29-H-32626','Truck',0,NULL),(162,'29-H-80003','Van',0,NULL),(163,'29-C-49210','Motorbike',1,NULL),(164,'29-A-16605','Motorbike',0,NULL),(165,'29-C-57532','Truck',0,NULL),(166,'29-C-72288','Truck',1,NULL),(167,'29-A-68808','Truck',0,NULL),(168,'29-C-60588','Van',0,NULL),(169,'29-H-52227','Van',0,NULL),(170,'29-A-64864','Van',1,NULL),(171,'29-H-50904','Van',0,NULL),(172,'29-C-38650','Van',1,NULL),(173,'29-C-58014','Van',0,NULL),(174,'29-H-84370','Van',0,NULL),(175,'29-A-88052','Van',0,NULL),(176,'29-C-37109','Motorbike',0,NULL),(177,'29-C-43971','Motorbike',1,NULL),(178,'29-C-56797','Motorbike',1,NULL),(179,'29-H-50891','Truck',0,NULL),(180,'29-C-47792','Truck',0,NULL),(181,'29-C-40958','Truck',0,NULL),(182,'29-H-89637','Van',0,NULL),(183,'29-C-92031','Motorbike',0,NULL),(184,'29-C-26492','Van',0,NULL),(185,'29-A-84879','Truck',1,NULL),(186,'29-C-35691','Truck',0,NULL),(187,'29-C-79765','Motorbike',1,NULL),(188,'29-C-77713','Motorbike',0,NULL),(189,'29-H-83472','Van',1,NULL),(190,'29-C-10909','Truck',1,NULL),(191,'29-C-22112','Motorbike',1,NULL),(192,'29-H-64330','Motorbike',0,NULL),(193,'29-H-13364','Motorbike',0,NULL),(194,'29-H-51147','Motorbike',1,NULL),(195,'29-A-54210','Truck',1,NULL),(196,'29-C-33295','Motorbike',0,NULL),(197,'29-H-66669','Truck',1,NULL),(198,'29-C-85236','Van',0,NULL),(199,'29-C-24556','Motorbike',1,NULL),(200,'29-H-81025','Van',1,NULL),(201,'29-A-28876','Truck',0,NULL),(202,'29-C-74219','Truck',1,NULL),(203,'29-H-88103','Van',1,NULL),(204,'29-A-14602','Motorbike',1,NULL),(205,'29-A-72286','Van',0,NULL),(206,'29-C-99176','Motorbike',0,NULL),(207,'29-H-46726','Van',1,NULL),(208,'29-A-87425','Motorbike',0,NULL),(209,'29-H-41753','Motorbike',0,NULL),(210,'29-H-22478','Motorbike',0,NULL),(211,'29-H-60062','Motorbike',0,NULL),(212,'29-C-60431','Motorbike',0,NULL),(213,'29-C-92000','Motorbike',0,NULL),(214,'29-C-79892','Truck',0,NULL),(215,'29-A-62229','Truck',1,NULL),(216,'29-A-72538','Truck',0,NULL),(217,'29-H-68250','Motorbike',0,NULL),(218,'29-C-93392','Truck',1,NULL),(219,'29-C-12440','Truck',1,NULL),(220,'29-H-76426','Truck',1,NULL),(221,'29-A-84440','Motorbike',1,NULL),(222,'29-H-57071','Truck',1,NULL),(223,'29-H-70007','Motorbike',1,NULL),(224,'29-H-18303','Motorbike',0,NULL),(225,'29-H-95777','Motorbike',1,NULL),(226,'29-C-11035','Van',0,NULL),(227,'29-C-76762','Truck',0,NULL),(228,'29-C-82772','Van',1,NULL),(229,'29-H-64889','Motorbike',0,NULL),(230,'29-H-20662','Motorbike',0,NULL),(231,'29-A-92375','Motorbike',1,NULL),(232,'29-C-76448','Motorbike',1,NULL),(233,'29-H-93328','Truck',0,NULL),(234,'29-H-21106','Motorbike',1,NULL),(235,'29-A-60610','Van',0,NULL),(236,'29-H-16451','Motorbike',0,NULL),(237,'29-H-92690','Motorbike',1,NULL),(238,'29-C-29433','Motorbike',1,NULL),(239,'29-C-36998','Truck',1,NULL),(240,'29-A-52405','Van',0,NULL),(241,'29-H-32103','Van',0,NULL),(242,'29-H-79271','Van',1,NULL),(243,'29-H-90952','Motorbike',1,NULL),(244,'29-A-33077','Truck',0,NULL),(245,'29-H-21342','Truck',0,NULL),(246,'29-C-65352','Van',1,NULL),(247,'29-C-97825','Van',0,NULL),(248,'29-C-41301','Motorbike',0,NULL),(249,'29-C-51330','Van',1,NULL),(250,'29-C-67833','Van',1,NULL),(251,'29-C-18917','Van',1,NULL),(252,'29-C-93293','Truck',1,NULL),(253,'29-C-46288','Truck',1,NULL),(254,'29-A-38785','Truck',1,NULL),(255,'29-A-29953','Truck',0,NULL),(256,'29-H-11021','Motorbike',1,NULL),(257,'29-C-94277','Motorbike',1,NULL),(258,'29-A-95713','Van',0,NULL),(259,'29-H-61014','Van',1,NULL),(260,'29-A-48740','Motorbike',1,NULL),(261,'29-A-25408','Truck',1,NULL),(262,'29-C-79518','Motorbike',1,NULL),(263,'29-A-43453','Motorbike',1,NULL),(264,'29-A-87335','Truck',0,NULL),(265,'29-C-49464','Van',0,NULL),(266,'29-H-26754','Truck',1,NULL),(267,'29-H-21795','Van',0,NULL),(268,'29-H-92604','Truck',1,NULL),(269,'29-H-47198','Van',0,NULL),(270,'29-H-78593','Truck',0,NULL),(271,'29-C-31124','Van',1,NULL),(272,'29-A-56105','Truck',0,NULL),(273,'29-H-82067','Truck',0,NULL),(274,'29-A-81348','Motorbike',0,NULL),(275,'29-H-22970','Motorbike',1,NULL),(276,'29-H-89721','Van',0,NULL),(277,'29-C-41649','Motorbike',0,NULL),(278,'29-C-55971','Van',0,NULL),(279,'29-C-55208','Motorbike',1,NULL),(280,'29-C-17548','Van',1,NULL),(281,'29-H-30519','Motorbike',1,NULL),(282,'29-C-36380','Van',1,NULL),(283,'29-C-83961','Truck',1,NULL),(284,'29-C-81263','Motorbike',0,NULL),(285,'29-A-98821','Van',0,NULL),(286,'29-C-49014','Motorbike',1,NULL),(287,'29-C-68040','Van',1,NULL),(288,'29-C-77588','Truck',1,NULL),(289,'29-A-73308','Van',0,NULL),(290,'29-A-38495','Truck',1,NULL),(291,'29-C-38900','Truck',1,NULL),(292,'29-A-28990','Truck',1,NULL),(293,'29-C-10109','Truck',0,NULL),(294,'29-A-16779','Van',0,NULL),(295,'29-H-81647','Truck',0,NULL),(296,'29-A-21258','Truck',1,NULL),(297,'29-A-10965','Truck',1,NULL),(298,'29-H-15681','Truck',0,NULL),(299,'29-H-15080','Van',0,NULL),(300,'29-C-14068','Motorbike',1,NULL),(301,'29-H-57211','Van',0,NULL),(302,'29-H-75149','Van',1,NULL),(303,'29-H-21294','Van',0,NULL),(304,'29-H-93192','Motorbike',0,NULL),(305,'29-H-88252','Van',1,NULL),(306,'29-H-72181','Truck',1,NULL),(307,'29-H-77842','Van',0,NULL),(308,'29-C-35467','Van',0,NULL),(309,'29-C-33785','Motorbike',1,NULL),(310,'29-A-27765','Van',0,NULL),(311,'29-C-27969','Motorbike',0,NULL),(312,'29-H-50170','Motorbike',1,NULL),(313,'29-A-71545','Motorbike',1,NULL),(314,'29-A-21714','Truck',0,NULL),(315,'29-C-76917','Van',1,NULL),(316,'29-A-82920','Truck',0,NULL),(317,'29-H-54803','Motorbike',0,NULL),(318,'29-A-37796','Van',1,NULL),(319,'29-A-84823','Motorbike',0,NULL),(320,'29-C-40747','Van',0,NULL),(321,'29-H-46408','Van',0,NULL),(322,'29-A-84025','Van',0,NULL),(323,'29-H-99204','Truck',1,NULL),(324,'29-H-79459','Van',0,NULL),(325,'29-C-48601','Truck',0,NULL),(326,'29-H-55513','Van',0,NULL),(327,'29-A-92546','Van',1,NULL),(328,'29-H-26942','Truck',1,NULL),(329,'29-A-10372','Motorbike',0,NULL),(330,'29-C-89749','Van',0,NULL),(331,'29-C-43001','Motorbike',0,NULL),(332,'29-A-98517','Truck',1,NULL),(333,'29-C-46625','Van',0,NULL),(334,'29-C-26699','Van',0,NULL),(335,'29-A-78695','Motorbike',1,NULL),(336,'29-A-43003','Truck',1,NULL),(337,'29-H-15893','Van',0,NULL),(338,'29-C-28605','Truck',1,NULL),(339,'29-A-68673','Van',1,NULL),(340,'29-A-90601','Truck',0,NULL),(341,'29-H-55872','Van',1,NULL),(342,'29-H-26867','Truck',1,NULL),(343,'29-H-45961','Motorbike',0,NULL),(344,'29-H-76244','Truck',1,NULL),(345,'29-C-98526','Truck',1,NULL),(346,'29-A-95895','Van',1,NULL),(347,'29-C-80777','Van',1,NULL),(348,'29-H-64540','Truck',1,NULL),(349,'29-A-99025','Truck',1,NULL),(350,'29-A-96304','Van',0,NULL),(351,'29-H-44388','Van',0,NULL),(352,'29-A-64945','Motorbike',1,NULL),(353,'29-H-35274','Van',0,NULL),(354,'29-A-12342','Motorbike',1,NULL),(355,'29-H-86620','Truck',1,NULL),(356,'29-A-48295','Van',1,NULL),(357,'29-H-17283','Truck',0,NULL),(358,'29-C-90936','Motorbike',1,NULL),(359,'29-C-62534','Truck',0,NULL),(360,'29-H-58330','Truck',0,NULL),(361,'29-A-58148','Van',1,NULL),(362,'29-H-92230','Motorbike',1,NULL),(363,'29-C-36270','Motorbike',0,NULL),(364,'29-H-54347','Truck',0,NULL),(365,'29-H-70890','Truck',0,NULL),(366,'29-H-44008','Truck',0,NULL),(367,'29-A-52576','Motorbike',1,NULL),(368,'29-H-43609','Truck',0,NULL),(369,'29-A-47914','Van',0,NULL),(370,'29-C-54877','Truck',0,NULL),(371,'29-A-89011','Motorbike',1,NULL),(372,'29-C-94649','Motorbike',0,NULL),(373,'29-C-42353','Van',0,NULL),(374,'29-C-93593','Motorbike',1,NULL),(375,'29-A-44362','Van',0,NULL),(376,'29-A-25096','Motorbike',1,NULL),(377,'29-A-43037','Motorbike',0,NULL),(378,'29-C-34423','Van',1,NULL),(379,'29-H-91241','Truck',1,NULL),(380,'29-C-20157','Motorbike',1,NULL),(381,'29-A-37365','Motorbike',1,NULL),(382,'29-A-20912','Motorbike',0,NULL),(383,'29-C-33410','Motorbike',1,NULL),(384,'29-A-40393','Truck',1,NULL),(385,'29-A-38821','Van',1,NULL),(386,'29-H-52942','Motorbike',1,NULL),(387,'29-A-20815','Van',1,NULL),(388,'29-C-39918','Truck',1,NULL),(389,'29-A-58409','Motorbike',0,NULL),(390,'29-A-64480','Van',1,NULL),(391,'29-A-47848','Truck',1,NULL),(392,'29-C-68647','Motorbike',0,NULL),(393,'29-C-21744','Truck',0,NULL),(394,'29-H-71868','Van',1,NULL),(395,'29-C-92842','Truck',0,NULL),(396,'29-H-74743','Truck',1,NULL),(397,'29-C-16075','Motorbike',0,NULL),(398,'29-C-85071','Truck',1,NULL),(399,'29-C-79305','Van',0,NULL),(400,'29-C-55876','Truck',1,NULL),(401,'29-H-13989','Van',1,NULL),(402,'29-A-36745','Truck',1,NULL),(403,'29-H-31911','Motorbike',0,NULL),(404,'29-H-60441','Motorbike',1,NULL),(405,'29-A-43055','Truck',0,NULL),(406,'29-A-96506','Van',0,NULL),(407,'29-H-12738','Motorbike',0,NULL),(408,'29-H-12363','Truck',1,NULL),(409,'29-C-83169','Motorbike',0,NULL),(410,'29-C-50302','Truck',1,NULL),(411,'29-A-75779','Motorbike',0,NULL),(412,'29-C-75623','Truck',0,NULL),(413,'29-C-75847','Truck',1,NULL),(414,'29-H-47251','Truck',1,NULL),(415,'29-H-50218','Van',1,NULL),(416,'29-C-47128','Truck',0,NULL),(417,'29-C-92247','Truck',1,NULL),(418,'29-C-88839','Van',1,NULL),(419,'29-A-65495','Van',0,NULL),(420,'29-A-69083','Motorbike',0,NULL),(421,'29-C-99146','Truck',0,NULL),(422,'29-H-67852','Truck',1,NULL),(423,'29-C-53649','Motorbike',0,NULL),(424,'29-A-24461','Truck',0,NULL),(425,'29-C-44656','Truck',1,NULL),(426,'29-C-26940','Van',0,NULL),(427,'29-A-86969','Van',1,NULL),(428,'29-H-41743','Truck',0,NULL),(429,'29-H-17930','Van',1,NULL),(430,'29-C-59175','Van',0,NULL),(431,'29-C-11437','Truck',0,NULL),(432,'29-C-57529','Van',0,NULL),(433,'29-A-79605','Van',0,NULL),(434,'29-A-15505','Truck',0,NULL),(435,'29-A-98992','Motorbike',1,NULL),(436,'29-H-98172','Truck',0,NULL),(437,'29-C-12252','Truck',1,NULL),(438,'29-A-16474','Van',1,NULL),(439,'29-H-54106','Motorbike',0,NULL),(440,'29-H-84058','Van',0,NULL),(441,'29-C-72590','Truck',0,NULL),(442,'29-A-88099','Motorbike',1,NULL),(443,'29-A-32696','Van',1,NULL),(444,'29-A-52673','Motorbike',0,NULL),(445,'29-H-69713','Van',0,NULL),(446,'29-H-54278','Motorbike',1,NULL),(447,'29-C-63858','Motorbike',0,NULL),(448,'29-H-99079','Truck',1,NULL),(449,'29-C-56096','Truck',0,NULL),(450,'29-H-30626','Motorbike',1,NULL),(451,'29-H-47461','Motorbike',0,NULL),(452,'29-A-74942','Motorbike',0,NULL),(453,'29-A-90638','Van',0,NULL),(454,'29-C-87100','Motorbike',0,NULL),(455,'29-C-93075','Truck',1,NULL),(456,'29-C-99743','Van',0,NULL),(457,'29-H-65492','Van',1,NULL),(458,'29-H-99322','Van',0,NULL),(459,'29-C-88270','Van',0,NULL),(460,'29-A-80295','Truck',0,NULL),(461,'29-C-70948','Truck',1,NULL),(462,'29-A-20961','Van',0,NULL),(463,'29-A-16774','Truck',0,NULL),(464,'29-C-57215','Van',0,NULL),(465,'29-H-85126','Truck',1,NULL),(466,'29-C-22066','Motorbike',0,NULL),(467,'29-A-49505','Truck',1,NULL),(468,'29-H-69468','Van',1,NULL),(469,'29-C-47726','Motorbike',0,NULL),(470,'29-C-50738','Motorbike',0,NULL),(471,'29-H-83995','Motorbike',0,NULL),(472,'29-C-50630','Motorbike',1,NULL),(473,'29-C-49613','Truck',0,NULL),(474,'29-H-18011','Van',0,NULL),(475,'29-H-50190','Van',0,NULL),(476,'29-C-22988','Motorbike',0,NULL),(477,'29-A-32474','Truck',0,NULL),(478,'29-H-28336','Truck',1,NULL),(479,'29-H-73153','Motorbike',0,NULL),(480,'29-H-68125','Motorbike',1,NULL),(481,'29-H-35317','Truck',1,NULL),(482,'29-H-10543','Truck',0,NULL),(483,'29-H-55678','Van',0,NULL),(484,'29-A-25109','Truck',0,NULL),(485,'29-H-67072','Truck',0,NULL),(486,'29-H-16672','Van',0,NULL),(487,'29-A-66312','Truck',0,NULL),(488,'29-A-59934','Motorbike',1,NULL),(489,'29-A-57033','Van',1,NULL),(490,'29-C-48549','Truck',1,NULL),(491,'29-H-60792','Motorbike',1,NULL),(492,'29-C-32324','Motorbike',1,NULL),(493,'29-A-87429','Truck',1,NULL),(494,'29-A-94487','Van',0,NULL),(495,'29-A-97426','Motorbike',0,NULL),(496,'29-C-18562','Motorbike',1,NULL),(497,'29-A-54855','Van',0,NULL),(498,'29-H-91012','Truck',1,NULL),(499,'29-A-69395','Van',0,NULL),(500,'29-A-51445','Motorbike',1,NULL),(501,'29-C-89831','Truck',1,NULL),(502,'29-A-86970','Motorbike',1,NULL),(503,'29-A-69510','Truck',0,NULL),(504,'29-C-41026','Van',0,NULL),(505,'29-H-26253','Truck',1,NULL),(506,'29-C-99927','Truck',0,NULL),(507,'29-A-95418','Truck',1,NULL),(508,'29-A-52253','Motorbike',1,NULL),(509,'29-C-14980','Motorbike',1,NULL),(510,'29-H-77214','Truck',0,NULL);
/*!40000 ALTER TABLE `vehicles` ENABLE KEYS */;
UNLOCK TABLES;

--
-- Temporary view structure for view `vw_active_deliveries`
--

DROP TABLE IF EXISTS `vw_active_deliveries`;
/*!50001 DROP VIEW IF EXISTS `vw_active_deliveries`*/;
SET @saved_cs_client     = @@character_set_client;
/*!50503 SET character_set_client = utf8mb4 */;
/*!50001 CREATE VIEW `vw_active_deliveries` AS SELECT 
 1 AS `Delivery_ID`,
 1 AS `Order_ID`,
 1 AS `Full_Name`,
 1 AS `Phone`,
 1 AS `Plate_Number`,
 1 AS `Vehicle_Type`,
 1 AS `Estimated_Time`,
 1 AS `Delivery_Status`,
 1 AS `Driver_Note`*/;
SET character_set_client = @saved_cs_client;

--
-- Temporary view structure for view `vw_backlog_orders`
--

DROP TABLE IF EXISTS `vw_backlog_orders`;
/*!50001 DROP VIEW IF EXISTS `vw_backlog_orders`*/;
SET @saved_cs_client     = @@character_set_client;
/*!50503 SET character_set_client = utf8mb4 */;
/*!50001 CREATE VIEW `vw_backlog_orders` AS SELECT 
 1 AS `Order_ID`,
 1 AS `Full_Name`,
 1 AS `Order_Date`,
 1 AS `Status`,
 1 AS `Days_Pending`*/;
SET character_set_client = @saved_cs_client;

--
-- Temporary view structure for view `vw_cost_per_order`
--

DROP TABLE IF EXISTS `vw_cost_per_order`;
/*!50001 DROP VIEW IF EXISTS `vw_cost_per_order`*/;
SET @saved_cs_client     = @@character_set_client;
/*!50503 SET character_set_client = utf8mb4 */;
/*!50001 CREATE VIEW `vw_cost_per_order` AS SELECT 
 1 AS `Order_ID`,
 1 AS `Full_Name`,
 1 AS `Total_Expense`*/;
SET character_set_client = @saved_cs_client;

--
-- Final view structure for view `vw_active_deliveries`
--

/*!50001 DROP VIEW IF EXISTS `vw_active_deliveries`*/;
/*!50001 SET @saved_cs_client          = @@character_set_client */;
/*!50001 SET @saved_cs_results         = @@character_set_results */;
/*!50001 SET @saved_col_connection     = @@collation_connection */;
/*!50001 SET character_set_client      = utf8mb4 */;
/*!50001 SET character_set_results     = utf8mb4 */;
/*!50001 SET collation_connection      = utf8mb4_0900_ai_ci */;
/*!50001 CREATE ALGORITHM=UNDEFINED */
/*!50013 DEFINER=`root`@`localhost` SQL SECURITY DEFINER */
/*!50001 VIEW `vw_active_deliveries` AS select `d`.`Delivery_ID` AS `Delivery_ID`,`o`.`Order_ID` AS `Order_ID`,`c`.`Full_Name` AS `Full_Name`,`c`.`Phone` AS `Phone`,`v`.`Plate_Number` AS `Plate_Number`,`v`.`Vehicle_Type` AS `Vehicle_Type`,`d`.`Estimated_Time` AS `Estimated_Time`,`d`.`Delivery_Status` AS `Delivery_Status`,`d`.`Driver_Note` AS `Driver_Note` from (((`deliveries` `d` join `orders` `o` on((`d`.`Order_ID` = `o`.`Order_ID`))) join `customers` `c` on((`o`.`Customer_ID` = `c`.`Customer_ID`))) join `vehicles` `v` on((`d`.`Vehicle_ID` = `v`.`Vehicle_ID`))) where (`d`.`Delivery_Status` = 'In Transit') */;
/*!50001 SET character_set_client      = @saved_cs_client */;
/*!50001 SET character_set_results     = @saved_cs_results */;
/*!50001 SET collation_connection      = @saved_col_connection */;

--
-- Final view structure for view `vw_backlog_orders`
--

/*!50001 DROP VIEW IF EXISTS `vw_backlog_orders`*/;
/*!50001 SET @saved_cs_client          = @@character_set_client */;
/*!50001 SET @saved_cs_results         = @@character_set_results */;
/*!50001 SET @saved_col_connection     = @@collation_connection */;
/*!50001 SET character_set_client      = utf8mb4 */;
/*!50001 SET character_set_results     = utf8mb4 */;
/*!50001 SET collation_connection      = utf8mb4_0900_ai_ci */;
/*!50001 CREATE ALGORITHM=UNDEFINED */
/*!50013 DEFINER=`root`@`localhost` SQL SECURITY DEFINER */
/*!50001 VIEW `vw_backlog_orders` AS select `o`.`Order_ID` AS `Order_ID`,`c`.`Full_Name` AS `Full_Name`,`o`.`Order_Date` AS `Order_Date`,`o`.`Status` AS `Status`,(to_days(now()) - to_days(`o`.`Order_Date`)) AS `Days_Pending` from (`orders` `o` join `customers` `c` on((`o`.`Customer_ID` = `c`.`Customer_ID`))) where ((`o`.`Status` = 'Pending') and ((to_days(now()) - to_days(`o`.`Order_Date`)) > 30)) order by (to_days(now()) - to_days(`o`.`Order_Date`)) desc */;
/*!50001 SET character_set_client      = @saved_cs_client */;
/*!50001 SET character_set_results     = @saved_cs_results */;
/*!50001 SET collation_connection      = @saved_col_connection */;

--
-- Final view structure for view `vw_cost_per_order`
--

/*!50001 DROP VIEW IF EXISTS `vw_cost_per_order`*/;
/*!50001 SET @saved_cs_client          = @@character_set_client */;
/*!50001 SET @saved_cs_results         = @@character_set_results */;
/*!50001 SET @saved_col_connection     = @@collation_connection */;
/*!50001 SET character_set_client      = utf8mb4 */;
/*!50001 SET character_set_results     = utf8mb4 */;
/*!50001 SET collation_connection      = utf8mb4_0900_ai_ci */;
/*!50001 CREATE ALGORITHM=UNDEFINED */
/*!50013 DEFINER=`root`@`localhost` SQL SECURITY DEFINER */
/*!50001 VIEW `vw_cost_per_order` AS select `o`.`Order_ID` AS `Order_ID`,`c`.`Full_Name` AS `Full_Name`,sum(`e`.`Amount`) AS `Total_Expense` from (((`orders` `o` join `deliveries` `d` on((`o`.`Order_ID` = `d`.`Order_ID`))) join `expenses` `e` on((`d`.`Delivery_ID` = `e`.`Delivery_ID`))) join `customers` `c` on((`o`.`Customer_ID` = `c`.`Customer_ID`))) group by `o`.`Order_ID`,`c`.`Full_Name` */;
/*!50001 SET character_set_client      = @saved_cs_client */;
/*!50001 SET character_set_results     = @saved_cs_results */;
/*!50001 SET collation_connection      = @saved_col_connection */;
/*!40103 SET TIME_ZONE=@OLD_TIME_ZONE */;

/*!40101 SET SQL_MODE=@OLD_SQL_MODE */;
/*!40014 SET FOREIGN_KEY_CHECKS=@OLD_FOREIGN_KEY_CHECKS */;
/*!40014 SET UNIQUE_CHECKS=@OLD_UNIQUE_CHECKS */;
/*!40101 SET CHARACTER_SET_CLIENT=@OLD_CHARACTER_SET_CLIENT */;
/*!40101 SET CHARACTER_SET_RESULTS=@OLD_CHARACTER_SET_RESULTS */;
/*!40101 SET COLLATION_CONNECTION=@OLD_COLLATION_CONNECTION */;
/*!40111 SET SQL_NOTES=@OLD_SQL_NOTES */;

-- Dump completed on 2026-04-19 16:30:16
